0,0,0.2248369675,0,0.6655187502,0,0.7463811313,-0.2941297421,0.004737286331,-0.001326690937,0.6131955367,0.04300042254,-0.004824476483,-0.265193418,0.006154305126,-0.003144276506,0.6172405094,0.07750472236,-0.006836346141,0.001849534515,0.003894717071,-0.324289502,-0.05919389966,0.1471061995,-0.1277142172,0.1626009191,1.223452507,0.1273735321,1.341487439,-0.1076575301,-0.09180907997,0.01309693793,0.1706425896,-1.642962245,0.1141238855,-1.319124419
-0.0003715376282,0,0.2260794597,0,0.6597799006,0,0.7514589029,-0.2774282574,0.004737286331,-0.001326690937,0.6131955367,0.04300042254,-0.004824476483,-0.2494053265,0.006154305126,-0.003144276506,0.6172405094,0.07750472236,-0.006836346141,0.001764210379,0.003906690421,-0.3039896511,-0.06651763458,0.1475958016,-0.1264604898,0.1656751899,1.22274425,0.127636599,1.340962954,-0.1155880732,-0.09236060987,0.0116711032,0.1759737283,-1.642405482,0.1145426794,-1.320969138
-0.0007430752564,0,0.2273219519,0,0.6540023099,0,0.7564925503,-0.2607267727,0.004737286331,-0.001326690937,0.6131955367,0.04300042254,-0.004824476483,-0.2336172351,0.006154305126,-0.003144276506,0.6172405094,0.07750472236,-0.006836346141,0.001678886243,0.00391866377,-0.2836898003,-0.07384136949,0.1480854036,-0.1252067624,0.1687494607,1.222035992,0.1278996658,1.340438469,-0.1235186162,-0.09291213977,0.01024526848,0.181304867,-1.641848719,0.1149614732,-1.322813856
-0.001114612885,0,0.2285644441,0,0.6481863175,0,0.7614817777,-0.2440252879,0.004737286331,-0.001326690937,0.6131955367,0.04300042254,-0.004824476483,-0.2178291436,0.006154305126,-0.003144276506,0.6172405094,0.07750472236,-0.006836346141,0.001593562108,0.00393063712,-0.2633899494,-0.08116510441,0.1485750056,-0.123953035,0.1718237315,1.221327734,0.1281627327,1.339913984,-0.1314491592,-0.09346366967,0.008819433753,0.1866360057,-1.641291957,0.1153802671,-1.324658574
-0.001486150513,0,0.2298069363,0,0.6423322647,0,0.7664262924,-0.2273238032,0.004737286331,-0.001326690937,0.6131955367,0.04300042254,-0.004824476483,-0.2020410522,0.006154305126,-0.003144276506,0.6172405094,0.07750472236,-0.006836346141,0.001508237972,0.00394261047,-0.2430900985,-0.08848883933,0.1490646077,-0.1226993076,0.1748980022,1.220619477,0.1284257995,1.339389499,-0.1393797022,-0.09401519957,0.007393599028,0.1919671444,-1.640735194,0.115799061,-1.326503293
-0.001857688141,0,0.2310494285,0,0.6364404954,0,0.7713258039,-0.2106223185,0.004737286331,-0.001326690937,0.6131955367,0.04300042254,-0.004824476483,-0.1862529607,0.006154305126,-0.003144276506,0.6172405094,0.07750472236,-0.006836346141,0.001422913836,0.003954583819,-0.2227902477,-0.09581257425,0.1495542097,-0.1214455802,0.177972273,1.219911219,0.1286888663,1.338865014,-0.1473102453,-0.09456672947,0.005967764303,0.1972982831,-1.640178432,0.1162178548,-1.328348011
-0.002229225769,0,0.2322919207,0,0.6305113555,0,0.7761800246,-0.1939208338,0.004737286331,-0.001326690937,0.6131955367,0.04300042254,-0.004824476483,-0.1704648693,0.006154305126,-0.003144276506,0.6172405094,0.07750472236,-0.006836346141,0.0013375897,0.003966557169,-0.2024903968,-0.1031363092,0.1500438117,-0.1201918528,0.1810465438,1.219202962,0.1289519332,1.338340529,-0.1552407883,-0.09511825937,0.004541929578,0.2026294218,-1.639621669,0.1166366487,-1.33019273
-0.002600763397,0,0.2335344129,0,0.624545193,0,0.7809886695,-0.1772193491,0.004737286331,-0.001326690937,0.6131955367,0.04300042254,-0.004824476483,-0.1546767778,0.006154305126,-0.003144276506,0.6172405094,0.07750472236,-0.006836346141,0.001252265565,0.003978530518,-0.182190546,-0.1104600441,0.1505334137,-0.1189381254,0.1841208146,1.218494704,0.129215,1.337816044,-0.1631713313,-0.09566978927,0.003116094853,0.2079605605,-1.639064907,0.1170554425,-1.332037448
-0.002972301026,0,0.2347769051,0,0.6185423585,0,0.7857514561,-0.1605178644,0.004737286331,-0.001326690937,0.6131955367,0.04300042254,-0.004824476483,-0.1388886864,0.006154305126,-0.003144276506,0.6172405094,0.07750472236,-0.006836346141,0.001166941429,0.003990503868,-0.1618906951,-0.117783779,0.1510230158,-0.117684398,0.1871950853,1.217786447,0.1294780669,1.337291559,-0.1711018744,-0.09622131916,0.001690260127,0.2132916992,-1.638508144,0.1174742364,-1.333882167
-0.003343838654,0,0.2360193973,0,0.6125032043,0,0.7904681048,-0.1438163796,0.004737286331,-0.001326690937,0.6131955367,0.04300042254,-0.004824476483,-0.123100595,0.006154305126,-0.003144276506,0.6172405094,0.07750472236,-0.006836346141,0.001081617293,0.004002477218,-0.1415908442,-0.1251075139,0.1515126178,-0.1164306706,0.1902693561,1.217078189,0.1297411337,1.336767074,-0.1790324174,-0.09677284906,0.0002644254024,0.2186228379,-1.637951382,0.1178930303,-1.335726885
-0.003715376282,0,0.2372618895,0,0.606428085,0,0.7951383387,-0.1271148949,0.004737286331,-0.001326690937,0.6131955367,0.04300042254,-0.004824476483,-0.1073125035,0.006154305126,-0.003144276506,0.6172405094,0.07750472236,-0.006836346141,0.0009962931573,0.004014450567,-0.1212909934,-0.1324312488,0.1520022198,-0.1151769432,0.1933436269,1.216369931,0.1300042005,1.336242589,-0.1869629604,-0.09732437896,-0.001161409323,0.2239539766,-1.637394619,0.1183118241,-1.337571604
-0.00408691391,0,0.2385043817,0,0.6003173574,0,0.7997618836,-0.1104134102,0.004737286331,-0.001326690937,0.6131955367,0.04300042254,-0.004824476483,-0.09152441206,0.006154305126,-0.003144276506,0.6172405094,0.07750472236,-0.006836346141,0.0009109690216,0.004026423917,-0.1009911425,-0.1397549838,0.1524918218,-0.1139232158,0.1964178977,1.215661674,0.1302672674,1.335718104,-0.1948935035,-0.09787590886,-0.002587244048,0.2292851153,-1.636837856,0.118730618,-1.339416322
-0.004458451538,0,0.2397468739,0,0.5941713802,0,0.8043384679,-0.09371192549,0.004737286331,-0.001326690937,0.6131955367,0.04300042254,-0.004824476483,-0.07573632061,0.006154305126,-0.003144276506,0.6172405094,0.07750472236,-0.006836346141,0.0008256448858,0.004038397266,-0.08069129164,-0.1470787187,0.1529814239,-0.1126694884,0.1994921684,1.214953416,0.1305303342,1.335193619,-0.2028240465,-0.09842743876,-0.004013078773,0.234616254,-1.636281094,0.1191494119,-1.341261041
-0.004829989166,0,0.2409893661,0,0.5879905144,0,0.8088678229,-0.07701044077,0.004737286331,-0.001326690937,0.6131955367,0.04300042254,-0.004824476483,-0.05994822916,0.006154305126,-0.003144276506,0.6172405094,0.07750472236,-0.006836346141,0.0007403207501,0.004050370616,-0.06039144078,-0.1544024536,0.1534710259,-0.111415761,0.2025664392,1.214245159,0.1307934011,1.334669134,-0.2107545895,-0.09897896866,-0.005438913498,0.2399473927,-1.635724331,0.1195682057,-1.343105759
-0.005201526795,0,0.2422318583,0,0.5817751229,0,0.8133496827,-0.06030895605,0.004737286331,-0.001326690937,0.6131955367,0.04300042254,-0.004824476483,-0.04416013772,0.006154305126,-0.003144276506,0.6172405094,0.07750472236,-0.006836346141,0.0006549966143,0.004062343966,-0.04009158992,-0.1617261885,0.1539606279,-0.1101620336,0.20564071,1.213536901,0.1310564679,1.334144649,-0.2186851325,-0.09953049856,-0.006864748223,0.2452785314,-1.635167569,0.1199869996,-1.344950478
-0.005573064423,0,0.2434743505,0,0.5755255706,0,0.8177837841,-0.04360747134,0.004737286331,-0.001326690937,0.6131955367,0.04300042254,-0.004824476483,-0.02837204627,0.006154305126,-0.003144276506,0.6172405094,0.07750472236,-0.006836346141,0.0005696724785,0.004074317315,-0.01979173906,-0.1690499234,0.15445023,-0.1089083062,0.2087149808,1.212828644,0.1313195348,1.333620164,-0.2266156756,-0.1000820285,-0.008290582948,0.2506096701,-1.634610806,0.1204057934,-1.346795196
-0.005944602051,0,0.2447168427,0,0.5692422245,0,0.8221698668,-0.02690598662,0.004737286331,-0.001326690937,0.6131955367,0.04300042254,-0.004824476483,-0.01258395482,0.006154305126,-0.003144276506,0.6172405094,0.07750472236,-0.006836346141,0.0004843483428,0.004086290665,0.0005081118011,-0.1763736583,0.154939832,-0.1076545788,0.2117892515,1.212120386,0.1315826016,1.333095679,-0.2345462186,-0.1006335584,-0.009716417673,0.2559408088,-1.634054044,0.1208245873,-1.348639915
-0.006316139679,0,0.2459593349,0,0.5629254535,0,0.8265076731,-0.0102045019,0.004737286331,-0.001326690937,0.6131955367,0.04300042254,-0.004824476483,0.003204136624,0.006154305126,-0.003144276506,0.6172405094,0.07750472236,-0.006836346141,0.000399024207,0.004098264014,0.02080796266,-0.1836973933,0.155429434,-0.1064008515,0.2148635223,1.211412128,0.1318456684,1.332571194,-0.2424767616,-0.1011850883,-0.0111422524,0.2612719475,-1.633497281,0.1212433812,-1.350484633
-0.006687677307,0,0.2472018271,0,0.5565756287,0,0.8307969485,0.006496982816,0.004737286331,-0.001326690937,0.6131955367,0.04300042254,-0.004824476483,0.01899222807,0.006154305126,-0.003144276506,0.6172405094,0.07750472236,-0.006836346141,0.0003137000713,0.004110237364,0.04110781352,-0.1910211282,0.155919036,-0.1051471241,0.2179377931,1.210703871,0.1321087353,1.332046709,-0.2504073047,-0.1017366182,-0.01256808712,0.2666030863,-1.632940518,0.121662175,-1.352329352
-0.007059214936,0,0.2484443193,0,0.5501931227,0,0.8350374409,0.02319846753,0.004737286331,-0.001326690937,0.6131955367,0.04300042254,-0.004824476483,0.03478031952,0.006154305126,-0.003144276506,0.6172405094,0.07750472236,-0.006836346141,0.0002283759355,0.004122210714,0.06140766439,-0.1983448631,0.1564086381,-0.1038933967,0.2210120639,1.209995613,0.1323718021,1.331522224,-0.2583378477,-0.1022881481,-0.01399392185,0.271934225,-1.632383756,0.1220809689,-1.35417407
-0.007430752564,0,0.2496868115,0,0.5437783103,0,0.8392289015,0.03989995225,0.004737286331,-0.001326690937,0.6131955367,0.04300042254,-0.004824476483,0.05056841097,0.006154305126,-0.003144276506,0.6172405094,0.07750472236,-0.006836346141,0.0001430517998,0.004134184063,0.08170751525,-0.205668598,0.1568982401,-0.1026396693,0.2240863346,1.209287356,0.132634869,1.330997739,-0.2662683907,-0.102839678,-0.01541975657,0.2772653637,-1.631826993,0.1224997628,-1.356018789
-0.007802290192,0,0.2509293037,0,0.5373315684,0,0.8433710842,0.05660143697,0.004737286331,-0.001326690937,0.6131955367,0.04300042254,-0.004824476483,0.06635650241,0.006154305126,-0.003144276506,0.6172405094,0.07750472236,-0.006836346141,5.772766401e-05,0.004146157413,0.1020073661,-0.2129923329,0.1573878421,-0.1013859419,0.2271606054,1.208579098,0.1328979358,1.330473254,-0.2741989338,-0.1033912079,-0.0168455913,0.2825965024,-1.631270231,0.1229185566,-1.357863507
-0.00817382782,0,0.2521717958,0,0.5308532753,0,0.8474637456,0.07330292169,0.004737286331,-0.001326690937,0.6131955367,0.04300042254,-0.004824476483,0.08214459386,0.006154305126,-0.003144276506,0.6172405094,0.07750472236,-0.006836346141,-2.759647174e-05,0.004158130762,0.122307217,-0.2203160678,0.1578774441,-0.1001322145,0.2302348762,1.207870841,0.1331610027,1.329948769,-0.2821294768,-0.1039427378,-0.01827142602,0.2879276411,-1.630713468,0.1233373505,-1.359708226
-0.008545365448,0,0.253414288,0,0.5243438114,0,0.8515066455,0.0900044064,0.004737286331,-0.001326690937,0.6131955367,0.04300042254,-0.004824476483,0.09793268531,0.006154305126,-0.003144276506,0.6172405094,0.07750472236,-0.006836346141,-0.0001129206075,0.004170104112,0.1426070678,-0.2276398028,0.1583670462,-0.09887848709,0.233309147,1.207162583,0.1334240695,1.329424284,-0.2900600198,-0.1044942677,-0.01969726075,0.2932587798,-1.630156706,0.1237561444,-1.361552944
-0.008916903077,0,0.2546567802,0,0.5178035591,0,0.8554995466,0.1067058911,0.004737286331,-0.001326690937,0.6131955367,0.04300042254,-0.004824476483,0.1137207768,0.006154305126,-0.003144276506,0.6172405094,0.07750472236,-0.006836346141,-0.0001982447433,0.004182077462,0.1629069187,-0.2349635377,0.1588566482,-0.0976247597,0.2363834177,1.206454325,0.1336871363,1.328899799,-0.2979905629,-0.1050457976,-0.02112309547,0.2985899185,-1.629599943,0.1241749382,-1.363397662
-0.009288440705,0,0.2558992724,0,0.5112329023,0,0.8594422142,0.1234073758,0.004737286331,-0.001326690937,0.6131955367,0.04300042254,-0.004824476483,0.1295088682,0.006154305126,-0.003144276506,0.6172405094,0.07750472236,-0.006836346141,-0.000283568879,0.004194050811,0.1832067696,-0.2422872726,0.1593462502,-0.0963710323,0.2394576885,1.205746068,0.1339502032,1.328375314,-0.3059211059,-0.1055973275,-0.0225489302,0.3039210572,-1.629043181,0.1245937321,-1.365242381
-0.009659978333,0,0.2571417646,0,0.5046322269,0,0.863334417,0.1401088606,0.004737286331,-0.001326690937,0.6131955367,0.04300042254,-0.004824476483,0.1452969596,0.006154305126,-0.003144276506,0.6172405094,0.07750472236,-0.006836346141,-0.0003688930148,0.004206024161,0.2035066204,-0.2496110075,0.1598358523,-0.09511730491,0.2425319593,1.20503781,0.13421327,1.327850829,-0.3138516489,-0.1061488574,-0.02397476492,0.3092521959,-1.628486418,0.1250125259,-1.367087099
-0.01003151596,0,0.2583842568,0,0.4980019203,0,0.8671759264,0.1568103453,0.004737286331,-0.001326690937,0.6131955367,0.04300042254,-0.004824476483,0.1610850511,0.006154305126,-0.003144276506,0.6172405094,0.07750472236,-0.006836346141,-0.0004542171505,0.00421799751,0.2238064713,-0.2569347424,0.1603254543,-0.09386357751,0.2456062301,1.204329553,0.1344763369,1.327326344,-0.3217821919,-0.1067003873,-0.02540059965,0.3145833346,-1.627929655,0.1254313198,-1.368931818
-0.01040305359,0,0.259626749,0,0.491342372,0,0.8709665168,0.17351183,0.004737286331,-0.001326690937,0.6131955367,0.04300042254,-0.004824476483,0.1768731425,0.006154305126,-0.003144276506,0.6172405094,0.07750472236,-0.006836346141,-0.0005395412863,0.00422997086,0.2441063221,-0.2642584774,0.1608150563,-0.09260985012,0.2486805008,1.203621295,0.1347394037,1.326801859,-0.329712735,-0.1072519172,-0.02682643437,0.3199144733,-1.627372893,0.1258501137,-1.370776536
-0.01077459122,0,0.2608692412,0,0.484653973,0,0.8747059657,0.1902133147,0.004737286331,-0.001326690937,0.6131955367,0.04300042254,-0.004824476483,0.192661234,0.006154305126,-0.003144276506,0.6172405094,0.07750472236,-0.006836346141,-0.000624865422,0.00424194421,0.264406173,-0.2715822123,0.1613046583,-0.09135612272,0.2517547716,1.202913037,0.1350024705,1.326277374,-0.337643278,-0.1078034471,-0.0282522691,0.325245612,-1.62681613,0.1262689075,-1.372621255
-0.01114612885,0,0.2621117334,0,0.477937116,0,0.8783940534,0.2069147994,0.004737286331,-0.001326690937,0.6131955367,0.04300042254,-0.004824476483,0.2084493254,0.006154305126,-0.003144276506,0.6172405094,0.07750472236,-0.006836346141,-0.0007101895578,0.004253917559,0.2847060239,-0.2789059472,0.1617942604,-0.09010239533,0.2548290424,1.20220478,0.1352655374,1.325752889,-0.345573821,-0.1083549769,-0.02967810382,0.3305767507,-1.626259368,0.1266877014,-1.374465973
-0.01067443022,0,0.2615341894,7.443053137e-20,0.487059929,7.443053137e-20,0.8733685508,0.1824395277,0.004737062105,-0.001327684098,0.6136019189,0.04278324479,-0.004824542951,0.1833897551,0.006153905926,-0.003145675137,0.6176389371,0.07729167303,-0.006836648236,-0.0005892264437,0.004220902649,0.2569575403,-0.2755800549,0.160980897,-0.09089071746,0.2619489285,1.202205769,0.132239286,1.334138355,-0.3415505856,-0.1069929965,-0.0294128804,0.3355815,-1.626411574,0.1272360564,-1.380645349
-0.01020273159,0,0.2609566454,1.488529884e-19,0.4961299051,1.488529884e-19,0.8682483039,0.1579642559,0.00473683788,-0.001328677259,0.6140083011,0.04256606703,-0.004824609419,0.1583301848,0.006153506726,-0.003147073768,0.6180373648,0.07707862369,-0.006836950331,-0.0004682633296,0.004187887739,0.2292090567,-0.2722541626,0.1601675336,-0.09167903959,0.2690688146,1.202206757,0.1292130345,1.342523821,-0.3375273501,-0.105631016,-0.02914765697,0.3405862493,-1.626563781,0.1277844114,-1.386824725
-0.009731032968,0,0.2603791014,2.232592977e-19,0.5051460603,2.232592977e-19,0.8630338683,0.1334889841,0.004736613654,-0.001329670421,0.6144146834,0.04234888927,-0.004824675887,0.1332706145,0.006153107526,-0.003148472399,0.6184357924,0.07686557436,-0.006837252426,-0.0003473002155,0.004154872829,0.2014605731,-0.2689282704,0.1593541701,-0.09246736171,0.2761887007,1.202207746,0.1261867831,1.350909286,-0.3335041146,-0.1042690356,-0.02888243355,0.3455909986,-1.626715988,0.1283327665,-1.393004101
-0.009259334342,0,0.2598015574,2.976413875e-19,0.5141074165,2.976413875e-19,0.8577258095,0.1090137124,0.004736389428,-0.001330663582,0.6148210656,0.04213171151,-0.004824742354,0.1082110442,0.006152708325,-0.003149871029,0.6188342201,0.07665252502,-0.006837554521,-0.0002263371014,0.004121857919,0.1737120895,-0.2656023781,0.1585408067,-0.09325568384,0.2833085868,1.202208735,0.1231605317,1.359294752,-0.3294808791,-0.1029070551,-0.02861721012,0.3505957478,-1.626868194,0.1288811215,-1.399183476
-0.008787635716,0,0.2592240134,3.719911887e-19,0.5230130017,3.719911887e-19,0.8523247034,0.08453844063,0.004736165203,-0.001331656744,0.6152274478,0.04191453375,-0.004824808822,0.08315147388,0.006152309125,-0.00315126966,0.6192326478,0.07643947569,-0.006837856616,-0.0001053739873,0.00408884301,0.145963606,-0.2622764858,0.1577274433,-0.09404400597,0.2904284729,1.202209723,0.1201342802,1.367680218,-0.3254576436,-0.1015450747,-0.0283519867,0.3556004971,-1.627020401,0.1294294765,-1.405362852
-0.00831593709,0,0.2586464694,4.463006358e-19,0.5318618497,4.463006358e-19,0.846831136,0.05486624562,0.004739111961,-0.00138878957,0.635733189,0.03023873556,-0.004846499155,0.05258374915,0.006139120656,-0.003226064951,0.6405911153,0.06430721859,-0.006862036715,-4.609023763e-05,0.00412541492,0.1217817059,-0.2536029112,0.1561483334,-0.09526102233,0.2948946691,1.202003892,0.1162716211,1.378683204,-0.3131791095,-0.09896380228,-0.02655181398,0.3527685197,-1.6278919,0.1300304047,-1.41227164
-0.007844238464,0,0.2580689254,5.205616676e-19,0.5406530005,5.205616676e-19,0.8412457031,0.02987066737,0.004739157939,-0.001396750465,0.6385748769,0.02867839759,-0.004849120052,0.02696651286,0.006136997914,-0.003236649285,0.6435295533,0.06269814218,-0.006865225107,6.059084492e-05,0.004097792024,0.09460815962,-0.2493883755,0.1552624745,-0.09612106598,0.3012587034,1.202030621,0.1132205813,1.387184801,-0.3077507174,-0.09745896032,-0.02602744453,0.3561202055,-1.628159156,0.1305475886,-1.418232929
-0.007372539838,0,0.2574913814,5.947662281e-19,0.5493855006,5.947662281e-19,0.8355690108,0.00498132805,0.004739138945,-0.001403991185,0.6411480158,0.0272797765,-0.004851437726,0.001460205438,0.006135012498,-0.003246307841,0.6461878521,0.06125758793,-0.006868092579,0.0001660489717,0.004068551204,0.06742918727,-0.2451757877,0.1543920992,-0.09698089305,0.3075333973,1.202072825,0.1102021488,1.395594534,-0.3023159334,-0.09597135025,-0.02550165539,0.3593739713,-1.628425689,0.1310535694,-1.424096523
-0.006900841212,0,0.2569138374,6.689062676e-19,0.5580584026,6.689062676e-19,0.8298016747,-0.02239785148,0.004737329219,-0.001425494656,0.649369657,0.02271467309,-0.004856801095,-0.02663242194,0.006127978895,-0.00327649932,0.654703281,0.05653689706,-0.006876931657,0.0002750993176,0.004077920035,0.04020364963,-0.2411668931,0.153350647,-0.09781711591,0.3158496988,1.201829548,0.1065295845,1.405722543,-0.2972049163,-0.09423821598,-0.02502238942,0.3647726496,-1.628689637,0.1317029733,-1.4317813
-0.006429142586,0,0.2563362934,7.429737432e-19,0.5666707656,7.429737432e-19,0.8239443206,-0.04965970912,0.004735571082,-0.001446191768,0.6573086905,0.01831376064,-0.004861886437,-0.05460324769,0.006121167595,-0.003305631846,0.6629256883,0.05198627817,-0.006885387687,0.0003830592218,0.004085987132,0.01297307773,-0.2371633395,0.1523248921,-0.0986573697,0.3240849745,1.20159733,0.1028929423,1.415766185,-0.2920876537,-0.09252035677,-0.02453893224,0.3700785796,-1.628955267,0.1323432479,-1.439373648
-0.00595744396,0,0.2557587494,8.1696062e-19,0.5752216553,8.1696062e-19,0.8179975839,-0.0744095153,0.004735189352,-0.00145232256,0.6594768189,0.01717846142,-0.004863536109,-0.07996245466,0.006119189445,-0.003314035513,0.6651576407,0.05082242292,-0.006887784059,0.0004858811247,0.004054927731,-0.0142239167,-0.232978815,0.1514877918,-0.0995158381,0.3302618238,1.201667552,0.09992027558,1.424039872,-0.2866585808,-0.09106517225,-0.02401341938,0.3732087898,-1.629219237,0.1328269941,-1.445090759
-0.005485745334,0,0.2551812054,8.908588717e-19,0.5837101443,8.908588717e-19,0.8119621096,-0.09904549618,0.004734762555,-0.001457693564,0.6613735979,0.01620011254,-0.004864881699,-0.1052026787,0.006117378139,-0.003321452866,0.6671066548,0.04982185927,-0.006889845695,0.0005874074983,0.004022491762,-0.04142604355,-0.2287981579,0.1506656273,-0.1003738408,0.3363508372,1.201750487,0.09698006734,1.432222202,-0.2812258525,-0.08962685997,-0.02348554706,0.376243577,-1.629483656,0.133300131,-1.450710165
-0.005014046708,0,0.2546036614,9.646604818e-19,0.5921353115,9.646604818e-19,0.8058385526,-0.1234572668,0.004734357447,-0.001461669944,0.6627485707,0.0155191475,-0.004865778905,-0.1302090827,0.00611595121,-0.003326974982,0.668512659,0.04913024206,-0.006891308768,0.0006874237849,0.003987003012,-0.06863153368,-0.2246126101,0.1498661073,-0.1012318849,0.3422611576,1.201858877,0.09410093806,1.440236049,-0.2757757258,-0.08821666823,-0.02295338939,0.3790878207,-1.629748632,0.1337559419,-1.456150251
-0.004542348082,0,0.2540261174,1.038357444e-18,0.6004962431,1.038357444e-18,0.7996275771,-0.147751097,0.004733916714,-0.001464865674,0.6638498195,0.01499341343,-0.004866371086,-0.1550921395,0.006114706837,-0.003331479172,0.6696333118,0.04859998892,-0.006892430446,0.0007861087906,0.003950235544,-0.09584203394,-0.2204314041,0.1490812443,-0.1020890967,0.3480828985,1.201978882,0.09125432601,1.448157674,-0.2703231195,-0.08682329752,-0.02241850015,0.3818367401,-1.630014534,0.1342013345,-1.461491651
-0.004070649457,0,0.2534485734,1.111941764e-18,0.608792032,1.111941764e-18,0.7933298569,-0.171814843,0.004733511618,-0.00146663945,0.6644273407,0.01476111234,-0.004866516152,-0.1797351146,0.006113870095,-0.003334045116,0.6702090098,0.04837436814,-0.006892947103,0.0008831784161,0.003910580487,-0.123055803,-0.2162462245,0.1483186678,-0.1029460136,0.353726096,1.202122072,0.08846864678,1.455910556,-0.2648554392,-0.08545782975,-0.0218787826,0.384396978,-1.630281668,0.1346298336,-1.466653383
-0.003598950831,0,0.2528710294,1.185405459e-18,0.6170217783,1.185405459e-18,0.7869460751,-0.195757952,0.00473307855,-0.001467621348,0.6647321822,0.01468031846,-0.004866358465,-0.2042518449,0.006113228067,-0.003335575398,0.6705004787,0.04830610996,-0.006893121869,0.000978896747,0.003869772673,-0.1502744668,-0.212066142,0.147570351,-0.103801709,0.3592817002,1.202275585,0.08571502064,1.463571703,-0.2593868157,-0.08410893452,-0.02133604348,0.3868637866,-1.630550168,0.1350482436,-1.471716911
-0.003127252205,0,0.2522934854,1.25874056e-18,0.6251845892,1.25874056e-18,0.7804769243,-0.2201051713,0.00473345292,-0.001460964265,0.662106753,0.01619627769,-0.004864463506,-0.2291608273,0.006115278668,-0.003326116446,0.6677513843,0.04989140951,-0.006890118777,0.001138994779,0.003841627168,-0.1791280388,-0.2103328975,0.146800514,-0.1044704775,0.3682622103,1.202175918,0.08255853709,1.472289975,-0.2580427695,-0.08291675225,-0.02156988874,0.3955844104,-1.630484348,0.135714346,-1.478933431
-0.002655553579,0,0.2517159414,1.33193911e-18,0.6332795792,1.33193911e-18,0.7739231063,-0.2430462847,0.004732289313,-0.001465873298,0.6640135064,0.01524827288,-0.004864852179,-0.2526607246,0.006113014663,-0.003333606083,0.6697008655,0.04892648809,-0.006891909539,0.001165563708,0.003781663273,-0.2047228385,-0.2037061382,0.1461315521,-0.1055101953,0.3699493079,1.202633712,0.0803611178,1.47846411,-0.2484249908,-0.08148292826,-0.02023666865,0.391331922,-1.631092649,0.1358424141,-1.481385648
-0.002183854953,0,0.2511383974,1.40499317e-18,0.6413058702,1.40499317e-18,0.7672853321,-0.2638498059,0.004733652927,-0.001448619315,0.657360066,0.01899194273,-0.004860334444,-0.2739086982,0.006118631683,-0.003309239663,0.6627685424,0.05282013166,-0.006884538997,0.001248561943,0.003697940521,-0.2319164177,-0.1993329473,0.145613954,-0.1063754258,0.3730135449,1.203088265,0.07840820903,1.483956003,-0.2426563324,-0.08045525803,-0.01963077064,0.3912270669,-1.631372978,0.1360749235,-1.484153401
-0.001712156327,0,0.2505608534,1.477894815e-18,0.6492625914,1.477894815e-18,0.7605643217,-0.2845384848,0.004735138348,-0.0014305594,0.6504537652,0.0228725972,-0.004855541527,-0.295037399,0.006124540734,-0.003283807826,0.6555750365,0.05685461584,-0.006876752502,0.001330009932,0.003613147471,-0.2591160528,-0.1949536104,0.1451084366,-0.1072375998,0.3759701465,1.203551735,0.07649071002,1.489347283,-0.2368815459,-0.07944347156,-0.01901983835,0.391016494,-1.631655896,0.1362975368,-1.486815059
-0.001240457701,0,0.2499833094,1.550636135e-18,0.6571488797,1.550636135e-18,0.7537608041,-0.3078402013,0.004734603045,-0.001427466156,0.6494025757,0.02350373605,-0.00485392813,-0.3188810802,0.006124986823,-0.003279971946,0.65445144,0.05752519963,-0.006875297049,0.001418340278,0.003568272521,-0.2863587613,-0.1908115123,0.144427023,-0.1080832751,0.3811156038,1.203736669,0.07388683688,1.496566814,-0.2314347446,-0.07817355012,-0.01846046644,0.3930604935,-1.631934831,0.1366704664,-1.491406686
-0.0007687590749,0,0.2494057654,1.62320924e-18,0.6649638796,1.62320924e-18,0.7468755176,-0.3310070146,0.004734054543,-0.00142352354,0.6480694707,0.02428142523,-0.00485202086,-0.3425833151,0.006125665059,-0.003275013543,0.6530339619,0.05834767276,-0.006873506278,0.001505353511,0.003522596384,-0.3136057295,-0.1866786075,0.1437590158,-0.1089269127,0.3861782282,1.203928158,0.07131384574,1.50369626,-0.2259926846,-0.07691953359,-0.01789744593,0.3950176555,-1.632216304,0.1370344556,-1.495901614
-0.0002970604489,0,0.2488282214,1.695606257e-18,0.6727067433,1.695606257e-18,0.739909209,-0.3540375643,0.004733496759,-0.001418726763,0.6464550261,0.02520374089,-0.004849822017,-0.3661426794,0.006126581142,-0.003268924666,0.651323298,0.0593199286,-0.006871381061,0.001591063211,0.003476171816,-0.3408568484,-0.1825554807,0.1431042297,-0.1097683667,0.3911588299,1.204125584,0.06877155046,1.510736004,-0.2205561994,-0.07568125333,-0.01733064348,0.3968890627,-1.632500524,0.1373897334,-1.500300197
0.000174638177,0,0.2482506774,1.767819332e-18,0.6803766308,1.767819332e-18,0.732862634,-0.3769305868,0.004732933629,-0.001413071649,0.644560021,0.02626865264,-0.004847334117,-0.3895578548,0.006127740611,-0.003261698213,0.6493203669,0.06043974434,-0.006868922528,0.001675485556,0.003429050105,-0.3681120054,-0.178442727,0.142462475,-0.1106074893,0.3960582689,1.204328332,0.06625975618,1.517686464,-0.2151261272,-0.07445853151,-0.01675993051,0.3986758369,-1.632787691,0.137736537,-1.504602826
0.000646336803,0,0.2476731334,1.839840632e-18,0.6879727101,1.839840632e-18,0.725736557,-0.3996849158,0.004732369099,-0.001406554636,0.6423854375,0.02747402487,-0.004844559883,-0.4128276301,0.006129148837,-0.003253327935,0.6470263093,0.06170478252,-0.006866132061,0.00175863928,0.003381280923,-0.3953710844,-0.1743409517,0.1418335576,-0.1114441307,0.4008774549,1.204535791,0.06377825932,1.524548096,-0.2097033097,-0.07325118122,-0.01618518341,0.4003791382,-1.633078004,0.1380751113,-1.508809931
0.001118035429,0,0.2470955894,1.911662344e-18,0.6954941571,1.911662344e-18,0.7185317511,-0.4222994825,0.004731807129,-0.001399172779,0.6399324597,0.02881761815,-0.00484150225,-0.4359509019,0.006130811019,-0.003243808438,0.6444424871,0.06311259256,-0.006863011297,0.001840545601,0.003332912186,-0.4226339658,-0.1702507706,0.1412172791,-0.1122781396,0.4056173484,1.204747355,0.06132684747,1.531321394,-0.2042885927,-0.07205900669,-0.01560628378,0.4047002322,-1.633371653,0.1384057094,-1.51292198
0.001589734055,0,0.2465180454,1.983276675e-18,0.702940156,1.983276675e-18,0.7112489979,-0.4447733171,0.004731251685,-0.001390923748,0.6372024728,0.03029709062,-0.004838164359,-0.4589266749,0.006132732181,-0.003233135184,0.6415704825,0.06466061242,-0.006859562125,0.001921228163,0.003283989913,-0.4499005267,-0.1661728107,0.1406134371,-0.1131093631,0.4102789614,1.204962421,0.05890529936,1.538006887,-0.1988828255,-0.07088180345,-0.01502311872,0.4097049815,-1.633668826,0.1387285918,-1.516939482
0.002061432681,0,0.2459405014,1.818867881e-18,0.710309899,1.818867881e-18,0.7038890874,-0.4634923565,0.004729832018,-0.001388428764,0.6367710397,0.0304700099,-0.004835924613,-0.4780777521,0.006132579091,-0.003230582576,0.6410916959,0.06485180556,-0.006858304513,0.002065162432,0.003263265598,-0.4711287959,-0.1512585219,0.1402717524,-0.1148318198,0.3944244874,1.20678786,0.05960891828,1.536380243,-0.1757351241,-0.06980778726,-0.01090433354,0.3762624039,-1.635685226,0.1380072783,-1.507757693
0.002533131307,0,0.2453629574,1.295049813e-18,0.7176025865,1.295049813e-18,0.6964528181,-0.4849345513,0.004730737924,-0.001368322625,0.6294793531,0.03436368951,-0.004830362903,-0.4999614608,0.006138908741,-0.003202640077,0.6334886965,0.06889669214,-0.006850317366,0.002428779863,0.003276352634,-0.4984832189,-0.1465305413,0.1396956076,-0.1158431354,0.3952776441,1.207233807,0.05798814267,1.540945899,-0.1690270492,-0.06898557498,-0.009991476127,0.3696647411,-1.636336502,0.1383870594,-1.508406343
0.003004829933,0,0.2447854134,0,0.7248174276,0,0.6889409965,-0.5028680816,0.004730783788,-0.001355492617,0.6249806215,0.03670226756,-0.004826404052,-0.5182782136,0.006142728319,-0.003184836801,0.6287949116,0.07132629164,-0.006845106895,0.002797740751,0.003296485171,-0.52,-0.1310347394,0.1394179085,-0.117753499,0.3756969006,1.209230512,0.05959107101,1.537049637,-0.1449218291,-0.06814838165,-0.005570050228,0.334547639,-1.638772346,0.1377021838,-1.495655198
0.003130475728,0,0.2447854134,1.220761368e-18,0.717004788,1.220761368e-18,0.6970682419,-0.4805124139,0.004726399554,-0.001383504165,0.628202627,0.03101611847,-0.004835023255,-0.4961402894,0.00613168924,-0.00322132859,0.6326491006,0.06588711985,-0.006857764534,0.002096754935,0.003156727936,-0.5013422122,-0.1453819954,0.1393302128,-0.1162896268,0.4039753671,1.207063192,0.05544136369,1.548043426,-0.1658052628,-0.06773483078,-0.009865017413,0.3795071937,-1.63616006,0.138555852,-1.515079176
0.003256121523,0,0.2447854134,2.018318669e-18,0.7091010248,2.018318669e-18,0.7051068973,-0.4585408585,0.004721746155,-0.001413660977,0.6322888701,0.0248464713,-0.004844199553,-0.4743872076,0.006119892691,-0.003260778929,0.6373689242,0.05996335643,-0.00687139066,0.002036652077,0.003210012445,-0.480168882,-0.1485839528,0.1392612557,-0.1159931137,0.4091552384,1.206604907,0.05473969186,1.549770491,-0.1677228711,-0.06764489826,-0.01027534401,0.3828308618,-1.635970583,0.1387400719,-1.517241094
0.003381767318,0,0.2447854134,1.984342415e-18,0.7011071422,1.984342415e-18,0.7130559411,-0.4369491393,0.004716846802,-0.00144592076,0.6372359096,0.01819012697,-0.00485394202,-0.4530138111,0.006107365042,-0.003303114376,0.6429493589,0.05355225668,-0.006885973667,0.001972061937,0.003260947771,-0.459004495,-0.1516091426,0.139190835,-0.1157175763,0.4141531119,1.206171616,0.05404809331,1.551488762,-0.1694332244,-0.0675415535,-0.01065088785,0.3860470877,-1.635794824,0.1389161092,-1.519391411
0.003507413113,0,0.2447854134,1.913007534e-18,0.6930241564,1.913007534e-18,0.7209143629,-0.4064955156,0.004711932572,-0.0014685303,0.6368883573,0.01302577224,-0.004860411981,-0.4227629421,0.00609774005,-0.003330854522,0.6434048136,0.04869783217,-0.006895284444,0.002132221765,0.00339780298,-0.4315428716,-0.15135126,0.1391343517,-0.1157409639,0.4120644414,1.206234393,0.05435083259,1.550393153,-0.163299753,-0.06748717815,-0.009463249926,0.37411631,-1.636497738,0.138870644,-1.515793562
0.003633058908,0,0.2447854134,1.841429531e-18,0.6848530945,1.841429531e-18,0.7286811641,-0.384157563,0.004706251762,-0.001499855746,0.6415668484,0.006132661277,-0.004868526108,-0.4006038602,0.00608494082,-0.003372309605,0.6486938244,0.04209741542,-0.00690875671,0.00205711692,0.003449339235,-0.4104336012,-0.1547597803,0.1390615953,-0.1154313968,0.4178043391,1.205733254,0.05354402961,1.552387988,-0.1652505061,-0.06735828272,-0.009895557978,0.3785214525,-1.636290859,0.1390693622,-1.518354415
0.003758704703,0,0.2447854134,1.769617501e-18,0.676594995,1.769617501e-18,0.7363553577,-0.3533726197,0.004703457905,-0.00151219686,0.6377791121,0.003153914287,-0.004872697767,-0.3700589724,0.006079567721,-0.003385788933,0.645656982,0.03938239133,-0.006913470061,0.002133924942,0.003567023184,-0.3836813729,-0.1577161428,0.1390057182,-0.1151284669,0.4211104831,1.205327659,0.05314792189,1.5530818,-0.1645229709,-0.06732406052,-0.009759543713,0.3769486208,-1.636450358,0.1392488314,-1.518221773
0.003884350498,0,0.2447854134,1.697580571e-18,0.6682509074,1.697580571e-18,0.7439359682,-0.3303910528,0.004698292724,-0.001540097906,0.6408509696,-0.003166632605,-0.004879117269,-0.3472514177,0.00606805074,-0.003422753337,0.6493121889,0.03331132803,-0.006924458844,0.002052495946,0.003616232376,-0.3626092395,-0.1613884751,0.1389414543,-0.1147896389,0.427227689,1.204786726,0.05229378568,1.55514745,-0.1666974472,-0.06719635135,-0.01023842772,0.3818757866,-1.636217485,0.1394565472,-1.520953514
0.004009996293,0,0.2447854134,1.625327897e-18,0.6598218921,1.625327897e-18,0.7514220323,-0.2989589666,0.004697369595,-0.001545733284,0.6346995096,-0.004460147312,-0.004882473782,-0.3160850617,0.006065665074,-0.003426805495,0.6440421818,0.03225781356,-0.006926718005,0.002053256021,0.003707275413,-0.3366539901,-0.1656328897,0.1389183891,-0.1143442347,0.4327696296,1.204190818,0.05162444534,1.5564996,-0.1684371383,-0.06718767494,-0.01058839887,0.3846456771,-1.636102099,0.1396791121,-1.52231635
0.004135642088,0,0.2447854134,1.55286866e-18,0.6513090205,1.55286866e-18,0.7588125987,-0.2754775685,0.004692302596,-0.00156980507,0.6368214918,-0.01014093804,-0.004887055345,-0.2927555001,0.006055253101,-0.003458742962,0.6467208647,0.0269036467,-0.00693567609,0.001967418009,0.003753678945,-0.315106278,-0.1695349004,0.1388716857,-0.1139710956,0.4390376032,1.203623365,0.05077187035,1.558487354,-0.170849994,-0.06708353906,-0.01110939543,0.3898014857,-1.635847104,0.1398862451,-1.525028791
0.004261287883,0,0.2447854134,1.480212071e-18,0.6427133743,1.480212071e-18,0.7661067279,-0.2435257933,0.004692282485,-0.001570954586,0.6291933772,-0.01063316279,-0.004889309451,-0.2610879177,0.00605472856,-0.003456912725,0.639985588,0.02659173884,-0.006936079798,0.001922108587,0.003824077586,-0.2898749528,-0.1742423365,0.13887706,-0.1134669524,0.4453674968,1.202961896,0.05001872739,1.559998343,-0.1736274947,-0.06710044563,-0.01166319412,0.3942877993,-1.63560832,0.1400999698,-1.526935268
0.004386933678,0,0.2447854134,1.407367362e-18,0.634036046,1.407367362e-18,0.773303493,-0.2195684348,0.004687434455,-0.001591308779,0.6302272869,-0.01576782088,-0.004892157453,-0.2372688462,0.006045524473,-0.003483998952,0.6415428705,0.0218025667,-0.006942973492,0.001832884235,0.003867147071,-0.2677393294,-0.1783155559,0.1388515649,-0.113061851,0.4516313258,1.202378745,0.04919596953,1.561826604,-0.1762305089,-0.06702937459,-0.01221211417,0.3994786628,-1.635339386,0.1402990495,-1.529507229
0.004512579473,0,0.2447854134,1.334343792e-18,0.6252781385,1.334343792e-18,0.7804019794,-0.1870550654,0.004688346871,-0.001589004149,0.6210869492,-0.01538889923,-0.004893556131,-0.2050630656,0.006046589992,-0.003477800633,0.6333540276,0.02229785629,-0.006941817823,0.00176305642,0.003923332951,-0.2431725526,-0.1831254471,0.138877578,-0.1125378018,0.4580856023,1.201706942,0.0484462627,1.563272428,-0.1793744343,-0.06706808706,-0.01283359763,0.4044976994,-1.635054684,0.1404929858,-1.531512167
0.004638225267,0,0.2447854134,1.26115064e-18,0.6164407647,1.26115064e-18,0.787401285,-0.1626401516,0.004683866709,-0.001606187135,0.6209982592,-0.01990548518,-0.004894989087,-0.1807802516,0.006038534854,-0.003500762674,0.6337817885,0.01812139919,-0.006946850186,0.001673184626,0.003964460599,-0.2206352986,-0.1872994624,0.1388722739,-0.1121085235,0.4642444993,1.201116453,0.04766475607,1.564909909,-0.1820687063,-0.06703051686,-0.01338804191,0.4095463901,-1.634785194,0.1406807502,-1.533863364
0.004763871062,0,0.2447854134,1.18779721e-18,0.6075250478,1.18779721e-18,0.7943005202,-0.1295530725,0.00468549796,-0.001600314005,0.6104208135,-0.0186667312,-0.004895329443,-0.1480244951,0.006041122876,-0.003490070529,0.6242214126,0.01944886869,-0.006944266035,0.001591345562,0.004011253875,-0.1964967634,-0.1920695172,0.1389155048,-0.1115796663,0.4705148747,1.200456517,0.04696293405,1.566178028,-0.1852872932,-0.06709006871,-0.01401597516,0.4145553115,-1.634491058,0.1408549988,-1.53574885
0.004889516857,0,0.2447854134,1.114292823e-18,0.5985321208,1.114292823e-18,0.8010988081,-0.1047250218,0.004681236386,-0.001614493637,0.6093367509,-0.02263539564,-0.004895311371,-0.1233165466,0.00603412662,-0.003509152228,0.6236210043,0.01584367032,-0.006947620435,0.001499685038,0.004048583289,-0.1739685679,-0.1962829865,0.1389283801,-0.1111352276,0.4765150383,1.199866785,0.0462295279,1.56761439,-0.1880306609,-0.06708124214,-0.0145696061,0.4194527117,-1.634222153,0.141028756,-1.537889322
0.005015162652,0,0.2447854134,1.040646821e-18,0.5894631267,1.040646821e-18,0.8077952848,-0.07103910404,0.004683563913,-0.001605000228,0.5972553589,-0.02054153065,-0.004894419488,-0.08999356883,0.006038249773,-0.00349409612,0.6126394813,0.01796863263,-0.006943399911,0.001409583215,0.004086690008,-0.1498313784,-0.200957719,0.1389901789,-0.1106057491,0.4824424289,1.199228505,0.04560377481,1.568639836,-0.1912300023,-0.0671623139,-0.01518273485,0.4242402227,-1.633930565,0.1411837045,-1.539568289
0.005140808447,0,0.2447854134,9.668685641e-19,0.5803192181,9.668685641e-19,0.8143890993,-0.04581836493,0.004679536957,-0.001616457621,0.5951972075,-0.02395831722,-0.004893042198,-0.0648866619,0.006032252509,-0.003509736332,0.6110526387,0.0149165804,-0.006945139065,0.001315909079,0.004119677447,-0.1273091731,-0.2051773818,0.139022034,-0.1101493684,0.4882209822,1.198644014,0.0449301999,1.56984944,-0.1939940106,-0.06718199514,-0.01572835914,0.428929583,-1.633665555,0.1413417671,-1.541471857
0.005266454242,0,0.2447854134,8.929674283e-19,0.571101557,8.929674283e-19,0.8208794135,-0.01148843767,0.004682585835,-0.001603122562,0.5814886115,-0.0209281342,-0.004890870805,-0.03095677103,0.006038022047,-0.003490052597,0.5985378546,0.01792245398,-0.006939276668,0.00122106064,0.004150802436,-0.1031670342,-0.2097216424,0.1391011918,-0.1096242166,0.4937472306,1.198030486,0.04438757349,1.570618322,-0.1971025557,-0.06728224089,-0.01631157335,0.433377585,-1.633386094,0.1414788787,-1.542903209
0.005392100037,0,0.2447854134,8.189528057e-19,0.561811315,8.189528057e-19,0.8272654026,0.01410327239,0.004678774791,-0.001612080692,0.5784902307,-0.02379253822,-0.004888201038,-0.005470476882,0.00603298668,-0.003502510685,0.5959886745,0.0154372887,-0.006939564521,0.001125512553,0.004179148068,-0.08064841953,-0.213919216,0.1391525187,-0.109158991,0.4992537664,1.197454528,0.0437830165,1.571582564,-0.1998590623,-0.0673296277,-0.01684258895,0.4378089557,-1.63312821,0.1416202604,-1.544549408
0.005517745832,0,0.2447854134,7.448341029e-19,0.5524496726,7.448341029e-19,0.833546255,0.04912786434,0.004682544994,-0.001594586879,0.5630208098,-0.01975300393,-0.004884706532,0.02911015972,0.006040535269,-0.003477873284,0.5818194858,0.01939166143,-0.006932079047,0.001027412757,0.004203628147,-0.05667946898,-0.2183077379,0.1392470374,-0.1086431978,0.50436476,1.196867198,0.04332449474,1.572096237,-0.2028407107,-0.06744526557,-0.01738935928,0.44189097,-1.632864767,0.1417401667,-1.545731638
0.005643391627,0,0.2447854134,6.706207396e-19,0.5430178197,6.706207396e-19,0.8397211724,0.0750645113,0.004678898109,-0.001601241143,0.5591345456,-0.02208943136,-0.004880763181,0.05494822831,0.006036400091,-0.003487465854,0.5783648783,0.01744308798,-0.006930985886,0.0009278928859,0.004224086876,-0.03397955099,-0.2224285699,0.1393210352,-0.10817306,0.5094635429,1.196309471,0.04281839053,1.572754494,-0.2055672478,-0.06752003156,-0.0178996918,0.4459968907,-1.632615181,0.1418622476,-1.547092905
0.005769037422,0,0.2447854134,5.963221474e-19,0.533516955,5.963221474e-19,0.8457893702,0.1108488329,0.004683443869,-0.001579304241,0.5417320486,-0.01693806217,-0.004875957108,0.0902345723,0.006045893662,-0.003457567169,0.5623917752,0.02243593645,-0.006921916225,0.0008288049661,0.004243819098,-0.01019931991,-0.2266747835,0.1394305695,-0.1076659891,0.5141874709,1.195743853,0.04243786884,1.57302559,-0.2084127927,-0.06765115635,-0.01840830879,0.449698913,-1.632370229,0.1419660681,-1.548017373
0.005894683217,0,0.2447854134,5.219477689e-19,0.5239482859,5.219477689e-19,0.851750077,0.1369154044,0.004679897314,-0.001584007635,0.5370711616,-0.01879884505,-0.00487079239,0.1164003636,0.006042614648,-0.003464582507,0.5580766904,0.02100799499,-0.006919530125,0.0007279616339,0.004258950748,0.01269428625,-0.2307156014,0.1395263344,-0.107192464,0.5188926095,1.195201576,0.04202303895,1.573396123,-0.2110757837,-0.0677521539,-0.01889154518,0.4534338453,-1.63213399,0.1420701793,-1.549080084
0.006020329012,0,0.2447854134,4.475070564e-19,0.5143130285,4.475070564e-19,0.8576025354,0.1737281953,0.004685296975,-0.001557125854,0.5174701394,-0.01238417721,-0.004864677641,0.1524603435,0.006054255558,-0.003429042124,0.5401204095,0.02714768591,-0.006908988575,0.0006296033143,0.004275970115,0.0362839204,-0.2348326067,0.1396506694,-0.1066931957,0.5232545935,1.194653858,0.04171515713,1.573434641,-0.2137784168,-0.067899258,-0.01936068688,0.4567418871,-1.631909684,0.1421586941,-1.549736496
0.006145974807,0,0.2447854134,3.730094705e-19,0.5046124074,3.730094705e-19,0.8633460015,0.2105364579,0.004691068009,-0.001529576719,0.4975247483,-0.005790717975,-0.004858559114,0.1886317037,0.006066432616,-0.003393100263,0.5219291396,0.03340717276,-0.006898556373,0.0005310706726,0.00429093341,0.05975051105,-0.2388508159,0.1397800666,-0.1062030451,0.5274272421,1.194119326,0.04143882598,1.573378997,-0.2163837269,-0.06804840126,-0.01980749899,0.4598632614,-1.631696243,0.1422405241,-1.550293181
0.006271620602,0,0.2447854134,2.98464479e-19,0.4948476553,2.98464479e-19,0.8689797455,0.2378322405,0.004688103752,-0.001527835726,0.490061024,-0.005984054349,-0.004850922895,0.2158420628,0.006065812875,-0.003392145123,0.5148544337,0.03362283386,-0.006893522953,0.0004306550202,0.004301072728,0.08276987433,-0.2427567109,0.1399071843,-0.1057282922,0.5315336761,1.193598381,0.04116153636,1.573316531,-0.2189046086,-0.06818751137,-0.02024018819,0.4629737756,-1.631487074,0.1423177446,-1.550874158
0.006397266397,0,0.2447854134,2.238815558e-19,0.4850200133,2.238815558e-19,0.8745030513,0.2756868247,0.004694860801,-0.001494475163,0.4674771658,0.002119455842,-0.004843534276,0.2529642527,0.006080651676,-0.003349456163,0.4942415254,0.04127519425,-0.006881726735,0.0003314969754,0.004311365945,0.1061764704,-0.2466413503,0.1400538688,-0.1052450544,0.5353122375,1.193082702,0.04096859217,1.573006429,-0.2213856794,-0.06835344392,-0.02065095101,0.4657157378,-1.631291515,0.1423827281,-1.551164773
0.006522912192,0,0.2447854134,1.492701796e-19,0.4751307304,1.492701796e-19,0.879915217,0.3026809366,0.004691342961,-0.001492933798,0.4601481503,0.001919484483,-0.004834731584,0.2782888279,0.006077243358,-0.00335642121,0.4896048963,0.04021436041,-0.006877268225,0.0002307116456,0.004316875357,0.1292559644,-0.2504111179,0.140138919,-0.1046521773,0.5389872153,1.192698576,0.04071647482,1.572634346,-0.2237853377,-0.06852809773,-0.0210177107,0.4684062617,-1.631074643,0.1424608307,-1.551445595
0.006648557987,0,0.2447854134,7.463983278e-20,0.4651810634,7.463983278e-20,0.8852155547,0.3388365656,0.004696334488,-0.001462217582,0.4389393237,0.009350579134,-0.004825801204,0.3137208289,0.006090498993,-0.003318362022,0.4702213222,0.04728073413,-0.006865794356,0.0001310747265,0.004322307627,0.1526025489,-0.2541430139,0.1402388456,-0.1040492964,0.5423539256,1.192326,0.04053902573,1.572036387,-0.2261312142,-0.06872719296,-0.0213575387,0.4707546529,-1.630867736,0.1425299294,-1.551464797
0.006774203782,0,0.2447854134,0,0.4551722767,0,0.8904033909,0.396360427,0.004730783788,-0.001355492617,0.3806344516,0.03670226756,-0.004826404052,0.3679017381,0.006142728319,-0.003184836801,0.4193553583,0.07132629164,-0.006845106895,3.203815308e-05,0.004326722971,0.1759704228,-0.2577820373,0.140459574,-0.1036731963,0.5454085159,1.19175634,0.04055185644,1.571302549,-0.2283681489,-0.06886233371,-0.02180899181,0.4727810435,-1.630806915,0.142497169,-1.551284651
0.006648557987,0,0.2447854134,7.463983278e-20,0.4651810634,7.463983278e-20,0.8852155547,0.3388365656,0.004696334488,-0.001462217582,0.4389393237,0.009350579134,-0.004825801204,0.3137208289,0.006090498993,-0.003318362022,0.4702213222,0.04728073413,-0.006865794356,0.0001310747265,0.004322307627,0.1526025489,-0.2541430139,0.1402388456,-0.1040492964,0.5423539256,1.192326,0.04053902573,1.572036387,-0.2261312142,-0.06872719296,-0.0213575387,0.4707546529,-1.630867736,0.1425299294,-1.551464797
0.006522912192,0,0.2447854134,1.492701796e-19,0.4751307304,1.492701796e-19,0.879915217,0.3026809366,0.004691342961,-0.001492933798,0.4601481503,0.001919484483,-0.004834731584,0.2782888279,0.006077243358,-0.00335642121,0.4896048963,0.04021436041,-0.006877268225,0.0002306921568,0.004316833681,0.1292559587,-0.2504048244,0.1400777198,-0.1045307546,0.5389906966,1.192815149,0.04064709802,1.572610304,-0.2237853163,-0.06854305835,-0.02098930674,0.4684078614,-1.631048416,0.1424794235,-1.551445813
0.006397266397,0,0.2447854134,2.238815558e-19,0.4850200133,2.238815558e-19,0.8745030513,0.2756868247,0.004694860801,-0.001494475163,0.4674771658,0.002119455842,-0.004843534276,0.2529642527,0.006080651676,-0.003349456163,0.4942415254,0.04127519425,-0.006881726735,0.0003314478473,0.004311284022,0.1061764712,-0.2466289627,0.1399345292,-0.1050091692,0.5353188612,1.193309068,0.0408332693,1.572959474,-0.2213856728,-0.06838158628,-0.02059768309,0.4657186917,-1.631242353,0.1424176799,-1.551165082
0.006271620602,0,0.2447854134,2.98464479e-19,0.4948476553,2.98464479e-19,0.8689797455,0.2378322405,0.004688103752,-0.001527835726,0.490061024,-0.005984054349,-0.004850922895,0.2158420628,0.006065812875,-0.003392145123,0.5148544337,0.03362283386,-0.006893522953,0.0004304925457,0.004300822819,0.08276987694,-0.242743762,0.1397913103,-0.1055001341,0.5315384324,1.193817503,0.04103048167,1.573270196,-0.2189054249,-0.06821309213,-0.02019199518,0.4629780822,-1.631442257,0.1423494607,-1.550875343
0.006145974807,0,0.2447854134,3.730094705e-19,0.5046124074,3.730094705e-19,0.8633460015,0.2105364579,0.004691068009,-0.001529576719,0.4975247483,-0.005790717975,-0.004858559114,0.1886317037,0.006066432616,-0.003393100263,0.5219291396,0.03340717276,-0.006898556373,0.0005309688926,0.004290788661,0.05975037016,-0.2388394226,0.1396684972,-0.1059842445,0.5274341472,1.194329043,0.04131207424,1.573335426,-0.2163847551,-0.06807184481,-0.0197636107,0.4598678177,-1.63165539,0.1422696036,-1.550294436
0.006020329012,0,0.2447854134,4.475070564e-19,0.5143130285,4.475070564e-19,0.8576025354,0.1737281953,0.004685296975,-0.001557125854,0.5174701394,-0.01238417721,-0.004864677641,0.1524603435,0.006054255558,-0.003429042124,0.5401204095,0.02714768591,-0.006908988575,0.0006293129726,0.004275598959,0.03628343493,-0.2348219852,0.1395430641,-0.1064828646,0.5232625843,1.1948553,0.04159267595,1.573393134,-0.2137823313,-0.06791988756,-0.01932279452,0.4567519535,-1.631873308,0.1421841747,-1.549740468
0.005894683217,0,0.2447854134,5.219477689e-19,0.5239482859,5.219477689e-19,0.851750077,0.1369154044,0.004679897314,-0.001584007635,0.5370711616,-0.01879884505,-0.00487079239,0.1164003636,0.006042614648,-0.003464582507,0.5580766904,0.02100799499,-0.006919530125,0.0007266893815,0.004257335407,0.01269267506,-0.2307045724,0.1394231992,-0.1069908986,0.5189001551,1.195395049,0.04190617048,1.573355444,-0.2110924524,-0.06776939027,-0.01886234258,0.4534694958,-1.632100805,0.1420912913,-1.549096985
0.005769037422,0,0.2447854134,5.963221474e-19,0.533516955,5.963221474e-19,0.8457893702,0.1108488329,0.004683443869,-0.001579304241,0.5417320486,-0.01693806217,-0.004875957108,0.0902345723,0.006045893662,-0.003457567169,0.5623917752,0.02243593645,-0.006921916225,0.000827144414,0.004241733315,-0.01020159053,-0.22666379,0.1393328761,-0.1074756927,0.5141940755,1.195926763,0.04232754721,1.572986351,-0.2084341144,-0.06766580197,-0.01838472993,0.4497448169,-1.632340302,0.1419841818,-1.548040232
0.005643391627,0,0.2447854134,6.706207396e-19,0.5430178197,6.706207396e-19,0.8397211724,0.0750645113,0.004678898109,-0.001601241143,0.5591345456,-0.02208943136,-0.004880763181,0.05494822831,0.006036400091,-0.003487465854,0.5783648783,0.01744308798,-0.006930985886,0.0009251014504,0.00422075433,-0.03398331339,-0.2224191506,0.1392282163,-0.1079921877,0.5094743246,1.196483461,0.04271338259,1.572718452,-0.2056047509,-0.06753080658,-0.01788642514,0.4460757394,-1.632588554,0.1418754718,-1.547132504
0.005517745832,0,0.2447854134,7.448341029e-19,0.5524496726,7.448341029e-19,0.833546255,0.04912786434,0.004682544994,-0.001594586879,0.5630208098,-0.01975300393,-0.004884706532,0.02911015972,0.006040535269,-0.003477873284,0.5818194858,0.01939166143,-0.006932079047,0.001024908362,0.004200724466,-0.05668323016,-0.2182992073,0.1391600433,-0.108474815,0.5043753426,1.197029051,0.04322596443,1.572062759,-0.2028738552,-0.06745353534,-0.01737995869,0.4419618238,-1.632843144,0.1417505049,-1.545767832
0.005392100037,0,0.2447854134,8.189528057e-19,0.561811315,8.189528057e-19,0.8272654026,0.01410327239,0.004678774791,-0.001612080692,0.5784902307,-0.02379253822,-0.004888201038,-0.005470476882,0.00603298668,-0.003502510685,0.5959886745,0.0154372887,-0.006939564521,0.001121871546,0.004175163629,-0.0806539948,-0.2139139561,0.139070772,-0.1090011596,0.4992738124,1.197606221,0.04368930091,1.571556408,-0.1999103349,-0.06733331068,-0.01684499183,0.4379187434,-1.633110211,0.141625355,-1.54460641
0.005266454242,0,0.2447854134,8.929674283e-19,0.571101557,8.929674283e-19,0.8208794135,-0.01148843767,0.004682585835,-0.001603122562,0.5814886115,-0.0209281342,-0.004890870805,-0.03095677103,0.006038022047,-0.003490052597,0.5985378546,0.01792245398,-0.006939276668,0.001218382338,0.004147884568,-0.1031697872,-0.2097087559,0.1390260551,-0.1094813603,0.4937469237,1.19816969,0.04430464415,1.5705867,-0.1971323438,-0.06728334786,-0.01631407285,0.4334439666,-1.633375789,0.1414810575,-1.542939973
0.005140808447,0,0.2447854134,9.668685641e-19,0.5803192181,9.668685641e-19,0.8143890993,-0.04581836493,0.004679536957,-0.001616457621,0.5951972075,-0.02395831722,-0.004893042198,-0.0648866619,0.006032252509,-0.003509736332,0.6110526387,0.0149165804,-0.006945139065,0.001312929178,0.004116320336,-0.127309259,-0.2051452487,0.1389525724,-0.1100215123,0.4881819952,1.198775282,0.04486168215,1.569806728,-0.1940117736,-0.06717708726,-0.01573749998,0.4289784338,-1.633663407,0.1413381768,-1.541506909
0.005015162652,0,0.2447854134,1.040646821e-18,0.5894631267,1.040646821e-18,0.8077952848,-0.07103910404,0.004683563913,-0.001605000228,0.5972553589,-0.02054153065,-0.004894419488,-0.08999356883,0.006038249773,-0.00349409612,0.6126394813,0.01796863263,-0.006943399911,0.001408194586,0.004084841795,-0.1498269316,-0.2009135556,0.1389277736,-0.1104938576,0.4823710976,1.199347186,0.04554847432,1.56858616,-0.1912141013,-0.06715518399,-0.015188968,0.4242179987,-1.633938183,0.1411770548,-1.539568357
0.004889516857,0,0.2447854134,1.114292823e-18,0.5985321208,1.114292823e-18,0.8010988081,-0.1047250218,0.004681236386,-0.001614493637,0.6093367509,-0.02263539564,-0.004895311371,-0.1233165466,0.00603412662,-0.003509152228,0.6236210043,0.01584367032,-0.006947620435,0.001500688611,0.004048241461,-0.1739518543,-0.1961808984,0.1388712718,-0.111045003,0.4763245741,1.199981912,0.04620233225,1.567521365,-0.187935418,-0.06706625623,-0.01456948906,0.4192884834,-1.634247533,0.1410164989,-1.537837414
0.004763871062,0,0.2447854134,1.18779721e-18,0.6075250478,1.18779721e-18,0.7943005202,-0.1295530725,0.00468549796,-0.001600314005,0.6104208135,-0.0186667312,-0.004895329443,-0.1480244951,0.006041122876,-0.003490070529,0.6242214126,0.01944886869,-0.006944266035,0.001594479862,0.00401264514,-0.1964735586,-0.1919499483,0.1388659743,-0.1115059887,0.4702761196,1.2005595,0.04695222506,1.566065641,-0.1851466344,-0.06707374191,-0.01400948695,0.4142885342,-1.634528332,0.1408392252,-1.53564323
0.004638225267,0,0.2447854134,1.26115064e-18,0.6164407647,1.26115064e-18,0.787401285,-0.1626401516,0.004683866709,-0.001606187135,0.6209982592,-0.01990548518,-0.004894989087,-0.1807802516,0.006038534854,-0.003500762674,0.6337817885,0.01812139919,-0.006946850186,0.001684440567,0.003970948596,-0.2205786688,-0.1870379225,0.1388264838,-0.1120682727,0.4637124247,1.201227231,0.04771019701,1.564695397,-0.1817011801,-0.06700399983,-0.01334447676,0.4088591631,-1.63486067,0.1406597277,-1.533590536
0.004512579473,0,0.2447854134,1.334343792e-18,0.6252781385,1.334343792e-18,0.7804019794,-0.1870550654,0.004688346871,-0.001589004149,0.6210869492,-0.01538889923,-0.004893556131,-0.2050630656,0.006046589992,-0.003477800633,0.6333540276,0.02229785629,-0.006941817823,0.001776527016,0.003931333729,-0.2431076497,-0.1828407843,0.1388400858,-0.1125139105,0.4574859185,1.201806749,0.04851247113,1.563026423,-0.1789562428,-0.06704194948,-0.01278071207,0.4036801951,-1.635143527,0.1404673955,-1.531164746
0.004386933678,0,0.2447854134,1.407367362e-18,0.634036046,1.407367362e-18,0.773303493,-0.2195684348,0.004687434455,-0.001591308779,0.6302272869,-0.01576782088,-0.004892157453,-0.2372688462,0.006045524473,-0.003483998952,0.6415428705,0.0218025667,-0.006942973492,0.001863256823,0.003884379787,-0.2676274661,-0.1777122834,0.1388144241,-0.1130928312,0.4503843543,1.202513855,0.0493748361,1.561349254,-0.1753129699,-0.06698921419,-0.01206481023,0.3977354398,-1.635501065,0.1402668455,-1.528788016
0.004261287883,0,0.2447854134,1.480212071e-18,0.6427133743,1.480212071e-18,0.7661067279,-0.2435257933,0.004692282485,-0.001570954586,0.6291933772,-0.01063316279,-0.004889309451,-0.2610879177,0.00605472856,-0.003456912725,0.639985588,0.02659173884,-0.006936079798,0.001953442076,0.003840943463,-0.2897281925,-0.1736146607,0.1388498406,-0.1135125996,0.4440293821,1.203088491,0.05022577869,1.559467945,-0.1726798606,-0.06706386182,-0.01150967625,0.3924278866,-1.635779996,0.1400609321,-1.526131877
0.004135642088,0,0.2447854134,1.55286866e-18,0.6513090205,1.55286866e-18,0.7588125987,-0.2754775685,0.004692302596,-0.00156980507,0.6368214918,-0.01014093804,-0.004887055345,-0.2927555001,0.006055253101,-0.003458742962,0.6467208647,0.0269036467,-0.00693567609,0.002036092941,0.00378859325,-0.3148598506,-0.1682335262,0.1388372521,-0.1141112747,0.4363440555,1.203842087,0.05119772485,1.557467022,-0.1688177416,-0.06702961769,-0.01073865435,0.3859340429,-1.636164109,0.139835764,-1.523410344
0.004009996293,0,0.2447854134,1.625327897e-18,0.6598218921,1.625327897e-18,0.7514220323,-0.2989589666,0.004697369595,-0.001545733284,0.6346995096,-0.004460147312,-0.004882473782,-0.3160850617,0.006065665074,-0.003426805495,0.6440421818,0.03225781356,-0.006926718005,0.002124470569,0.003741657902,-0.336336961,-0.1643167905,0.1388956303,-0.1144944598,0.4299559467,1.204401836,0.0520862956,1.555391694,-0.1663777355,-0.06714560246,-0.01020775025,0.380592167,-1.636431874,0.1396189908,-1.520544538
0.003884350498,0,0.2447854134,1.697580571e-18,0.6682509074,1.697580571e-18,0.7439359682,-0.3303910528,0.004698292724,-0.001540097906,0.6408509696,-0.003166632605,-0.004879117269,-0.3472514177,0.00606805074,-0.003422753337,0.6493121889,0.03331132803,-0.006924458844,0.002203001417,0.00368396185,-0.3620821256,-0.1586874924,0.1388992746,-0.1151082705,0.4216572551,1.205203899,0.05317445552,1.553034231,-0.1623298366,-0.06713940627,-0.009385925654,0.3735364977,-1.636839985,0.139364443,-1.517431806
0.003758704703,0,0.2447854134,1.769617501e-18,0.676594995,1.769617501e-18,0.7363553577,-0.3533726197,0.004703457905,-0.00151219686,0.6377791121,0.003153914287,-0.004872697767,-0.3700589724,0.006079567721,-0.003385788933,0.645656982,0.03938239133,-0.006913470061,0.002290200618,0.003634081475,-0.3831405865,-0.1550229293,0.1389772252,-0.115449395,0.4153917023,1.205737191,0.05407306547,1.550831418,-0.1601439729,-0.06729386914,-0.008893892528,0.3683053675,-1.637089962,0.1391419489,-1.514428847
0.003633058908,0,0.2447854134,1.841429531e-18,0.6848530945,1.841429531e-18,0.7286811641,-0.384157563,0.004706251762,-0.001499855746,0.6415668484,0.006132661277,-0.004868526108,-0.4006038602,0.00608494082,-0.003372309605,0.6486938244,0.04209741542,-0.00690875671,0.002367939153,0.00357142253,-0.4093119953,-0.1492520757,0.1390053592,-0.1160590652,0.4065583766,1.206573817,0.05527048197,1.548097593,-0.1560551091,-0.06733657176,-0.008045775432,0.3607727516,-1.637510885,0.1388548833,-1.510871801
0.003507413113,0,0.2447854134,1.913007534e-18,0.6930241564,1.913007534e-18,0.7209143629,-0.4064955156,0.004711932572,-0.0014685303,0.6368883573,0.01302577224,-0.004860411981,-0.4227629421,0.00609774005,-0.003330854522,0.6434048136,0.04869783217,-0.006895284444,0.002454996741,0.003519721368,-0.4303983292,-0.1458909807,0.1390941751,-0.1163601183,0.400644001,1.207067335,0.05612780457,1.545907629,-0.1541356642,-0.06751528213,-0.007602506691,0.355838339,-1.63773849,0.1386353048,-1.507879395
0.003381767318,0,0.2447854134,1.984342415e-18,0.7011071422,1.984342415e-18,0.7130559411,-0.4369491393,0.004716846802,-0.00144592076,0.6372359096,0.01819012697,-0.00485394202,-0.4530138111,0.006107365042,-0.003303114376,0.6429493589,0.05355225668,-0.006885973667,0.002541548597,0.003452936358,-0.4566006459,-0.1403576702,0.1391593206,-0.1169156733,0.3917590916,1.207879451,0.05736520165,1.542908674,-0.1503873016,-0.06763712237,-0.006801096447,0.3482553708,-1.638139446,0.1383252175,-1.503940525
0.003256121523,0,0.2447854134,2.018318669e-18,0.7091010248,2.018318669e-18,0.7051068973,-0.4585408585,0.004721746155,-0.001413660977,0.6322888701,0.0248464713,-0.004844199553,-0.4743872076,0.006119892691,-0.003260778929,0.6373689242,0.05996335643,-0.00687139066,0.002627527649,0.003402191243,-0.4777300744,-0.1374168392,0.1392477379,-0.1171743557,0.3865738844,1.208307499,0.05810215681,1.540957392,-0.1487509413,-0.06781686391,-0.006421510308,0.3438950232,-1.638336389,0.1381233892,-1.501204536
0.003130475728,0,0.2447854134,1.220761368e-18,0.717004788,1.220761368e-18,0.6970682419,-0.4805124139,0.004726399554,-0.001383504165,0.628202627,0.03101611847,-0.004835023255,-0.4961402894,0.00613168924,-0.00322132859,0.6326491006,0.06588711985,-0.006857764534,0.002712928003,0.003350039066,-0.4988640876,-0.1343100865,0.1393337523,-0.1174536077,0.3812221512,1.208757708,0.05884378368,1.53900586,-0.1469300616,-0.06798708152,-0.006011369041,0.339328268,-1.638547262,0.1379158999,-1.49844437
0.003004829933,0,0.2447854134,0,0.7248174276,0,0.6889409965,-0.5028680816,0.004730783788,-0.001355492617,0.6249806215,0.03670226756,-0.004826404052,-0.5182782136,0.006142728319,-0.003184836801,0.6287949116,0.07132629164,-0.006845106895,0.002797740751,0.003296485171,-0.52,-0.1310347394,0.1394179085,-0.117753499,0.3756969006,1.209230512,0.05959107101,1.537049637,-0.1449218291,-0.06814838165,-0.005570050228,0.334547639,-1.638772346,0.1377021838,-1.495655198
0.003521060462,0,0.243946131,1.120016183e-18,0.7161932607,1.120016183e-18,0.6979020084,-0.4680251289,0.004730783788,-0.001355492617,0.6150904195,0.03670226756,-0.004826404052,-0.483547031,0.006142728319,-0.003184836801,0.6189047104,0.07132629164,-0.006845106895,0.002695862837,0.003330513168,-0.4945395638,-0.1310347394,0.1394179085,-0.117753499,0.3756969006,1.209230512,0.05959107101,1.537049637,-0.1449218291,-0.06814838165,-0.005570050228,0.334547639,-1.638772346,0.1377021838,-1.495655198
0.004037290991,0,0.2431068485,2.229184332e-18,0.707458316,2.229184332e-18,0.7067550715,-0.4331821762,0.004730783788,-0.001355492617,0.6052002175,0.03670226756,-0.004826404052,-0.4488158484,0.006142728319,-0.003184836801,0.6090145091,0.07132629164,-0.006845106895,0.002593984922,0.003364541164,-0.4690791277,-0.1310347394,0.1394179085,-0.117753499,0.3756969006,1.209230512,0.05959107101,1.537049637,-0.1449218291,-0.06814838165,-0.005570050228,0.334547639,-1.638772346,0.1377021838,-1.495655198
0.00455352152,0,0.2422675661,2.113323469e-18,0.6986139445,2.27721436e-18,0.7154988166,-0.3983392235,0.004730783788,-0.001355492617,0.5953100154,0.03670226756,-0.004826404052,-0.4140846658,0.006142728319,-0.003184836801,0.5991243079,0.07132629164,-0.006845106895,0.002492107008,0.003398569161,-0.4436186915,-0.1310347394,0.1394179085,-0.117753499,0.3756969006,1.209230512,0.05959107101,1.537049637,-0.1449218291,-0.06814838165,-0.005570050228,0.334547639,-1.638772346,0.1377021838,-1.495655198
0.005069752048,0,0.2414282836,2.084839135e-18,0.6896615141,2.303320888e-18,0.7241318913,-0.3634962707,0.004730783788,-0.001355492617,0.5854198134,0.03670226756,-0.004826404052,-0.3793534832,0.006142728319,-0.003184836801,0.5892341066,0.07132629164,-0.006845106895,0.002390229093,0.003432597157,-0.4181582554,-0.1310347394,0.1394179085,-0.117753499,0.3756969006,1.209230512,0.05959107101,1.537049637,-0.1449218291,-0.06814838165,-0.005570050228,0.334547639,-1.638772346,0.1377021838,-1.495655198
0.005585982577,0,0.2405890012,2.056032325e-18,0.6806024097,2.329071146e-18,0.7326529601,-0.3444070891,0.004723558518,-0.001456177831,0.6111514505,0.01688967065,-0.004874799552,-0.3602709686,0.006103608885,-0.00330381564,0.6145985657,0.05178406517,-0.006897504969,0.002317493282,0.003560593314,-0.392444515,-0.1312266746,0.1390644735,-0.1179892639,0.3813973534,1.209142101,0.05799086197,1.542467841,-0.1448325102,-0.06758491395,-0.005802936991,0.3398213027,-1.638603511,0.1380273547,-1.501233268
0.006102213106,0,0.2397497187,2.026907497e-18,0.6714380325,2.354461154e-18,0.7410607051,-0.3120447495,0.004722689477,-0.001471678744,0.607008691,0.01362927895,-0.004882225151,-0.3280064275,0.006097414614,-0.003321926625,0.6104028442,0.04856423369,-0.006905080004,0.002219345353,0.003608757773,-0.3669423105,-0.1313122926,0.1390105504,-0.118018683,0.3823318215,1.209121681,0.05774197307,1.543305215,-0.1448756139,-0.06750101002,-0.005848044483,0.3406917023,-1.638573503,0.1380795396,-1.502097014
0.006618443635,0,0.2389104363,1.997469156e-18,0.6621697999,2.379486983e-18,0.7493538257,-0.2794481322,0.004721988237,-0.001485596578,0.602368607,0.01063039647,-0.004888890264,-0.2955099421,0.00609177497,-0.003338116803,0.6057167598,0.04560123498,-0.006911709718,0.002120583089,0.00365537944,-0.3414434228,-0.1314081759,0.1389622745,-0.1180427825,0.3831903443,1.209101042,0.05751759369,1.544058373,-0.1449335791,-0.0674266292,-0.005891697412,0.34149324,-1.638545185,0.1381271169,-1.502874454
0.007134674164,0,0.2380711538,1.967721853e-18,0.6527991455,2.404144762e-18,0.7575310394,-0.2466126088,0.004721445255,-0.0014979167,0.5972149107,0.007904706372,-0.004894791633,-0.2627768641,0.006086697506,-0.003352377117,0.600524051,0.04290669657,-0.006917406235,0.002021240334,0.003700463946,-0.3159479986,-0.131511962,0.1389196654,-0.1180618225,0.3839698502,1.209080483,0.05731802857,1.544726516,-0.1450040445,-0.0673617253,-0.005933483136,0.3422228289,-1.638518741,0.1381699552,-1.503564696
0.007650904693,0,0.2372318714,1.937670192e-18,0.6433275188,2.428430678e-18,0.7655910812,-0.2135336089,0.00472105136,-0.001508625352,0.5915314732,0.005463800701,-0.004899926315,-0.2298025949,0.006082191065,-0.003364699646,0.5948085953,0.04049216588,-0.00692218283,0.001921349593,0.003744017501,-0.2904561823,-0.1316212833,0.1388827397,-0.1180760656,0.3846673222,1.2090603,0.05714356477,1.545308902,-0.145084641,-0.06730624484,-0.005972989868,0.3428774313,-1.638494357,0.138207927,-1.504166909
0.008167135222,0,0.2363925889,1.907318819e-18,0.6337563847,2.452340974e-18,0.7735327044,-0.180206646,0.004720797711,-0.001517709732,0.5820786013,0.003319148202,-0.004904291638,-0.1965826104,0.006078265734,-0.003375077703,0.585892899,0.03836907933,-0.006926053924,0.001820942036,0.003786046801,-0.2649681155,-0.1317337694,0.1388515111,-0.1180857774,0.3852797995,1.209040787,0.0569944715,1.545804851,-0.1451729934,-0.06726012705,-0.006009806948,0.3434540614,-1.638472217,0.1382409092,-1.50468032
0.008683365751,0,0.2355533065,1.87667243e-18,0.6240872238,2.475871951e-18,0.7813546807,-0.1583236437,0.004703992582,-0.001589790983,0.6030909282,-0.0133203327,-0.004925930591,-0.1747074646,0.006042046478,-0.00346772293,0.6062082972,0.02193175391,-0.006959421089,0.001743159777,0.003886259754,-0.2395631026,-0.1329840975,0.1386329605,-0.1181208891,0.3910886881,1.208786939,0.05559335371,1.550119884,-0.1461452543,-0.06692264715,-0.006380639144,0.3487308978,-1.638253057,0.1384900881,-1.509015048
0.00919959628,0,0.234714024,1.845735764e-18,0.6143215315,2.499019971e-18,0.7890558002,-0.1249481404,0.004703313808,-0.001598018117,0.5960541009,-0.01546792269,-0.004929380304,-0.141438225,0.006037840906,-0.003477011717,0.5991499756,0.01980465809,-0.006962274027,0.001642000127,0.003927490398,-0.2140862712,-0.1331710334,0.1386064819,-0.1181192674,0.3917511529,1.208757247,0.05544716701,1.550585316,-0.1463085073,-0.06688639481,-0.006429289501,0.3493539259,-1.638225805,0.1385214918,-1.509494037
0.009715826809,0,0.2338747416,1.814513608e-18,0.6044608185,2.521781453e-18,0.7966348717,-0.09124218346,0.004702847688,-0.001604137526,0.5884442036,-0.01719578567,-0.004931830747,-0.1078413926,0.006034460493,-0.003483799012,0.5915256522,0.01809092474,-0.006963974422,0.001540161531,0.003966651356,-0.1886129034,-0.1333441466,0.1385876031,-0.1181134985,0.3922705836,1.208731095,0.05533919544,1.550925231,-0.1464650073,-0.06686218956,-0.006470906649,0.3498457195,-1.638203215,0.1385455047,-1.509844882
0.01023205734,0,0.2330354591,1.78301079e-18,0.5945066099,2.544152875e-18,0.804090723,-0.05719727227,0.00470259649,-0.001608123773,0.5802402658,-0.01848701042,-0.004933281979,-0.0739084251,0.006031940959,-0.003488068792,0.5833143959,0.01680740831,-0.006964548385,0.001437686206,0.00400374404,-0.1631431147,-0.1334999951,0.138576335,-0.1181039744,0.3926427578,1.208708894,0.05526980867,1.551138784,-0.1466112973,-0.06684989942,-0.006504874672,0.3502020359,-1.638185568,0.1385619836,-1.510066628
0.01074828787,0,0.2321961767,1.751232183e-18,0.5844604454,2.566130778e-18,0.8114222007,-0.02280573112,0.004702560397,-0.001609955589,0.5714226337,-0.01932536675,-0.004933734398,-0.03963157477,0.006030315521,-0.003489809382,0.5744965343,0.01597032189,-0.006964023035,0.001334615072,0.004038770257,-0.1376770158,-0.1336351807,0.1385726832,-0.1180910858,0.3928635918,1.208691057,0.05523934783,1.551225221,-0.1467439589,-0.06684938715,-0.006530592542,0.3504187609,-1.638173142,0.1385707897,-1.510158415
0.0112645184,0,0.2313568942,1.719182703e-18,0.5743238789,2.587711762e-18,0.8186281708,0.01193915872,0.004702737183,-0.001609616458,0.561973222,-0.01969546924,-0.004933188712,-0.005004017534,0.006029614303,-0.003489014041,0.5650538997,0.01559507737,-0.00696242643,0.001230987768,0.004071732088,-0.1122147127,-0.1337463513,0.1385766478,-0.1180752229,0.3929291436,1.208677997,0.05524812488,1.551183885,-0.1468596154,-0.06686051051,-0.006547474802,0.350491912,-1.638166202,0.1385717888,-1.510119479
0.01178074892,0,0.2305176118,1.686867306e-18,0.5640984783,2.608892489e-18,0.8257075189,0.04704301803,0.004703121893,-0.001607095251,0.5518757795,-0.01958295056,-0.00493164591,0.02998000838,0.006029863728,-0.003485681606,0.5549700911,0.01569611596,-0.006959787478,0.00112684269,0.004102631763,-0.08675630626,-0.1338302042,0.1385882231,-0.118056774,0.3928356163,1.20867013,0.05529642203,1.551014213,-0.1469549337,-0.06688312243,-0.006554952203,0.3504176413,-1.638165007,0.1385648514,-1.509949153
0.01229697945,0,0.2296783293,1.654290991e-18,0.5537858252,2.629669684e-18,0.8326591498,0.08251022017,0.004703706537,-0.001602386895,0.5411161697,-0.01897464329,-0.004929107243,0.06532505534,0.006031085896,-0.003479817183,0.5442307501,0.01628673002,-0.00695613585,0.001022217032,0.004131471556,-0.061301892,-0.1338834878,0.1386073979,-0.1180361258,0.3925793611,1.20866787,0.05538449109,1.550715738,-0.1470266277,-0.06691707133,-0.006552472308,0.3501922383,-1.638169807,0.1385498526,-1.509646869
0.01281320998,0,0.2288390468,1.621458797e-18,0.5433875147,2.650040131e-18,0.8394819884,0.1183437341,0.004704479799,-0.001595493095,0.529682662,-0.01785876916,-0.004925574192,0.1010343115,0.006033297974,-0.003471432888,0.5328238487,0.0173788773,-0.006951501879,0.0009171468309,0.004158253664,-0.03585155996,-0.1339030046,0.1386341549,-0.1180136625,0.3921568801,1.208671636,0.05551255288,1.550288087,-0.1470714605,-0.0669622013,-0.006539500062,0.3498121334,-1.638180842,0.1385266723,-1.509212156
0.01332944051,0,0.2279997644,1.588375803e-18,0.5329051553,2.670000681e-18,0.8461749792,0.1545449611,0.00470542677,-0.001586423073,0.5175662313,-0.0162251336,-0.004921048455,0.1371094394,0.006036511582,-0.003460548625,0.5207399856,0.01898298935,-0.006945916455,0.0008116670327,0.004182980112,-0.01040539441,-0.133885613,0.1386684709,-0.1179897661,0.3915648291,1.208681845,0.05568079658,1.549730986,-0.1470862465,-0.06701835233,-0.006515518311,0.3492738998,-1.638198343,0.1384951951,-1.508644642
0.01384567104,0,0.2271604819,1.555047125e-18,0.5223403682,2.689548246e-18,0.8527370871,0.191113567,0.004706528708,-0.00157519435,0.5047608607,-0.01406532368,-0.004915531919,0.1735504103,0.00604073222,-0.003447192909,0.5079726869,0.02110777618,-0.00693941091,0.000705811555,0.004205652645,0.01503652636,-0.13382823,0.1387103167,-0.1179648155,0.3908000202,1.208698915,0.05588937917,1.549044257,-0.1470678541,-0.06708536061,-0.006480028293,0.3485742564,-1.63822253,0.1384553104,-1.507944054
0.01436190157,0,0.2263211995,1.521477918e-18,0.5116947876,2.708679802e-18,0.8591672971,0.2404001153,0.004725627319,-0.001497330538,0.4628889542,0.004488727314,-0.004895883006,0.2225987986,0.00608144274,-0.003347959944,0.4663328624,0.03943548846,-0.006908649538,0.0005853308437,0.004174198331,0.04054837617,-0.1324699948,0.1389220406,-0.1179483948,0.3850073681,1.208964463,0.05725718768,1.544846674,-0.1459719069,-0.06740517052,-0.006095028092,0.3432833912,-1.638447056,0.1382085695,-1.503716931
0.0148781321,0,0.225481917,1.487673376e-18,0.5009700601,2.727392391e-18,0.8654646145,0.2772401759,0.004726404852,-0.001484875804,0.4483951016,0.007088305172,-0.004890048442,0.2593135833,0.006086357478,-0.003333371016,0.4518860642,0.04200040033,-0.006902562895,0.0004804677653,0.004197074925,0.06597608355,-0.1324092665,0.1389647589,-0.117924256,0.384274493,1.208979806,0.05745401597,1.544183932,-0.1459449404,-0.06747202444,-0.006060501681,0.3426014682,-1.63847028,0.138167469,-1.503033532
0.01539436263,0,0.2246426346,1.453638726e-18,0.4901678445,2.745683118e-18,0.8716280653,0.3143538594,0.004727184522,-0.001470829109,0.4332178416,0.01009871941,-0.004883410051,0.2963023594,0.006092051246,-0.003317004112,0.436757883,0.04497341747,-0.006895885542,0.0003753971248,0.004218521624,0.09139836517,-0.1323190435,0.1390130516,-0.1178994851,0.383422101,1.208999757,0.05767803313,1.543431485,-0.145892693,-0.067546659,-0.00601780189,0.3418061967,-1.638498176,0.1381201224,-1.502256992
0.01591059316,0,0.2238033521,1.419379233e-18,0.4792898118,2.763549153e-18,0.8776566962,0.3517368651,0.004727949347,-0.001455222746,0.4173609129,0.01352090849,-0.004875963342,0.3335612831,0.006098531661,-0.003298907337,0.4209511076,0.04835594292,-0.006888646939,0.0002701337257,0.004238542094,0.1168151265,-0.1321970914,0.1390668874,-0.1178743667,0.3824482851,1.209024577,0.0579292267,1.542589553,-0.1458128817,-0.06762891227,-0.005966566346,0.3408955745,-1.638530904,0.1380664756,-1.501387473
0.01642682369,0,0.2229640697,1.384900196e-18,0.4683376444,2.780987734e-18,0.8835495746,0.4030486888,0.004730783788,-0.001355492617,0.367835369,0.03670226756,-0.004826404052,0.3847325339,0.006142728319,-0.003184836801,0.3716496789,0.07132629164,-0.006845106895,0.0001489149742,0.004181213081,0.1419713401,-0.1310347394,0.1394179085,-0.117753499,0.3756969006,1.209230512,0.05959107101,1.537049637,-0.1449218291,-0.06814838165,-0.005570050228,0.334547639,-1.638772346,0.1377021838,-1.495655198
0.01694305421,0,0.2221247872,1.350206948e-18,0.4573130365,2.797996162e-18,0.8893057892,0.4378916415,0.004730783788,-0.001355492617,0.3579451669,0.03670226756,-0.004826404052,0.4194637165,0.006142728319,-0.003184836801,0.3617594776,0.07132629164,-0.006845106895,4.703705973e-05,0.004215241078,0.1674317762,-0.1310347394,0.1394179085,-0.117753499,0.3756969006,1.209230512,0.05959107101,1.537049637,-0.1449218291,-0.06814838165,-0.005570050228,0.334547639,-1.638772346,0.1377021838,-1.495655198
0.01745928474,0,0.2212855048,1.315304856e-18,0.4462176932,2.814571808e-18,0.8949244495,0.4727345942,0.004730783788,-0.001355492617,0.3480549649,0.03670226756,-0.004826404052,0.4541948991,0.006142728319,-0.003184836801,0.3518692764,0.07132629164,-0.006845106895,-5.484085477e-05,0.004249269074,0.1928922124,-0.1310347394,0.1394179085,-0.117753499,0.3756969006,1.209230512,0.05959107101,1.537049637,-0.1449218291,-0.06814838165,-0.005570050228,0.334547639,-1.638772346,0.1377021838,-1.495655198
0.01797551527,0,0.2204462223,1.280199318e-18,0.4350533307,2.830712107e-18,0.9004046865,0.5075775469,0.004730783788,-0.001355492617,0.3381647629,0.03670226756,-0.004826404052,0.4889260817,0.006142728319,-0.003184836801,0.3419790751,0.07132629164,-0.006845106895,-0.0001567187693,0.004283297071,0.2183526485,-0.1310347394,0.1394179085,-0.117753499,0.3756969006,1.209230512,0.05959107101,1.537049637,-0.1449218291,-0.06814838165,-0.005570050228,0.334547639,-1.638772346,0.1377021838,-1.495655198
0.0184917458,0,0.2196069399,1.244895763e-18,0.423821676,2.846414563e-18,0.9057456525,0.5424204996,0.004730783788,-0.001355492617,0.3282745609,0.03670226756,-0.004826404052,0.5236572643,0.006142728319,-0.003184836801,0.3320888738,0.07132629164,-0.006845106895,-0.0002585966838,0.004317325067,0.2438130847,-0.1310347394,0.1394179085,-0.117753499,0.3756969006,1.209230512,0.05959107101,1.537049637,-0.1449218291,-0.06814838165,-0.005570050228,0.334547639,-1.638772346,0.1377021838,-1.495655198
0.01797551527,0,0.2204462223,1.280199318e-18,0.4350533307,2.830712107e-18,0.9004046865,0.4765299321,0.004688616974,-0.001483662594,0.3981912693,0.003943846919,-0.004827493365,0.45849892,0.006065828848,-0.003357846335,0.400766125,0.0392387708,-0.006867373145,-0.0001485543114,0.004321861979,0.2176621335,-0.1317697428,0.1392812656,-0.1177818102,0.3791956093,1.209071941,0.0587568893,1.539612329,-0.1454989432,-0.06793498823,-0.005782668576,0.3377664506,-1.638647749,0.1378564489,-1.498258152
0.01745928474,0,0.2212855048,1.315304856e-18,0.4462176932,2.814571808e-18,0.8949244495,0.4375473444,0.004685406208,-0.001511968494,0.4198297507,-0.002985173324,-0.004840571612,0.422380749,0.006056959191,-0.003379450382,0.4184142786,0.03449281224,-0.006879846667,-3.850485256e-05,0.004325104841,0.1928864485,-0.1326733219,0.1391845147,-0.117750509,0.3820850722,1.208918632,0.05812071668,1.541576793,-0.1462689513,-0.06780666393,-0.006003260866,0.3403857861,-1.638526196,0.1379821645,-1.500210338
0.01694305421,0,0.2221247872,1.350206948e-18,0.4573130365,2.797996162e-18,0.8893057892,0.3936908174,0.004677084737,-0.001553906048,0.4479780188,-0.01337831844,-0.004852127199,0.3778011627,0.006033598686,-0.003436565123,0.4476130193,0.02356595842,-0.006895999925,7.165729693e-05,0.004324981973,0.1674066254,-0.1333701801,0.1390788474,-0.1177539914,0.3849250948,1.208784714,0.05745848486,1.543614719,-0.1468328663,-0.06765095442,-0.006192267463,0.3429739719,-1.638418123,0.1381061195,-1.502258463
0.01642682369,0,0.2229640697,1.384900196e-18,0.4683376444,2.780987734e-18,0.8835495746,0.3552572775,0.00467427406,-0.001577671774,0.4674339855,-0.0189835513,-0.004863388193,0.3386046942,0.006020950016,-0.003469014602,0.4683567886,0.01727961057,-0.006909202185,0.0001817244791,0.00432186183,0.1419231053,-0.1339776112,0.1389809874,-0.1177611877,0.3874988331,1.208667323,0.05685226858,1.545484238,-0.1473183667,-0.06750610458,-0.006360954821,0.3453172003,-1.638321054,0.1382188024,-1.504137609
0.01591059316,0,0.2238033521,1.419379233e-18,0.4792898118,2.763549153e-18,0.8776566962,0.3163394245,0.004670911576,-0.001601627816,0.4870148671,-0.02460279308,-0.004873713588,0.299698494,0.006009649419,-0.003498955415,0.4880618916,0.0116122484,-0.00692180241,0.0002916562206,0.00431592661,0.1164331028,-0.134503535,0.1388908798,-0.1177714902,0.3898277743,1.208564364,0.05629752709,1.547196592,-0.1477322948,-0.06737165461,-0.006510869306,0.3474344512,-1.638234192,0.1383208455,-1.505858419
0.01539436263,0,0.2246426346,1.453638726e-18,0.4901678445,2.745683118e-18,0.8716280653,0.2776773792,0.004667787707,-0.001623490203,0.5056320943,-0.02964371015,-0.004883182285,0.261063908,0.005999629856,-0.003526470363,0.5067699461,0.006539733207,-0.006933762734,0.0004013852051,0.004307173307,0.09089201979,-0.1349508926,0.138807951,-0.1177853169,0.3919302119,1.208474569,0.05579058983,1.54876109,-0.1480775573,-0.06724660461,-0.006642785986,0.3493443745,-1.638157069,0.138412657,-1.507431374
0.0148781321,0,0.225481917,1.487673376e-18,0.5009700601,2.727392391e-18,0.8654646145,0.2383196912,0.004664050251,-0.001646069039,0.5246401721,-0.03485604781,-0.004891812464,0.2212035658,0.005988412747,-0.00355790998,0.5265787314,0.0009034459282,-0.006946094867,0.0005109640831,0.004295817308,0.06533789883,-0.1353177944,0.1387325158,-0.1178025275,0.3937971746,1.208398222,0.05533251652,1.550176053,-0.1483504619,-0.06713107253,-0.006755848968,0.3510345801,-1.638090282,0.1384945132,-1.508852641
0.01436190157,0,0.2263211995,1.521477918e-18,0.5116947876,2.708679802e-18,0.8591672971,0.2073013398,0.004668023971,-0.001644286397,0.5319747516,-0.0336124838,-0.004899914432,0.1902174477,0.0059918942,-0.003552018287,0.5340681952,0.002073898618,-0.006951749156,0.0006202717106,0.00428149379,0.03995635808,-0.1356032404,0.1386698663,-0.1178174319,0.3952704221,1.208341662,0.05496807468,1.55132015,-0.1485552663,-0.06703749236,-0.006844741366,0.3523551661,-1.638037696,0.1385616686,-1.509994698
0.01384567104,0,0.2271604819,1.555047125e-18,0.5223403682,2.689548246e-18,0.8527370871,0.1673177028,0.004663734258,-0.001665342915,0.5504529536,-0.03842818814,-0.004906445672,0.1503591514,0.005982321612,-0.003580107026,0.5524659228,-0.002686366558,-0.006962558263,0.0007293258133,0.004264823323,0.01437101393,-0.1358240007,0.1386106537,-0.1178387425,0.3966522054,1.208290735,0.05461660325,1.552409413,-0.1487001903,-0.0669445096,-0.006921210325,0.3535948277,-1.637991336,0.1386227697,-1.511085309
0.01332944051,0,0.2279997644,1.588375803e-18,0.5329051553,2.670000681e-18,0.8461749792,0.1276267967,0.004659923631,-0.001684837556,0.5682063089,-0.04283098308,-0.004912492137,0.1107868044,0.005973851434,-0.003606464101,0.5701583039,-0.007045760409,-0.006972866403,0.0008379665269,0.004245324785,-0.01136916131,-0.1359541466,0.1385568861,-0.1178668929,0.3978233279,1.208252976,0.05430688706,1.553370838,-0.1487632069,-0.0668570513,-0.006977860944,0.3546434953,-1.637955444,0.1386748885,-1.512050596
0.01281320998,0,0.2288390468,1.621458797e-18,0.5433875147,2.650040131e-18,0.8394819884,0.09757712836,0.004664484071,-0.001676956582,0.572941897,-0.040009423,-0.004917515652,0.08078283201,0.005980184011,-0.003593217127,0.5750273002,-0.004291324535,-0.006975106614,0.0009452658341,0.004221831927,-0.03659292911,-0.1360438142,0.1385230855,-0.1178811126,0.3985061795,1.208234525,0.05412519218,1.553963856,-0.1488134006,-0.06680519993,-0.007015344468,0.3552513741,-1.637931533,0.1387089628,-1.512642855
0.01229697945,0,0.2296783293,1.654290991e-18,0.5537858252,2.629669684e-18,0.8326591498,0.05886591192,0.004661668109,-0.001690565798,0.5881449428,-0.04292163245,-0.004921497106,0.04218960087,0.005974639482,-0.003612348578,0.5901785576,-0.007169154661,-0.006982907149,0.001052292619,0.004196092648,-0.06232956768,-0.1360257273,0.1384864192,-0.1179130366,0.3991643768,1.208223363,0.05393053407,1.554580895,-0.1487552906,-0.06674089231,-0.00703544545,0.3558414874,-1.637915569,0.1387402731,-1.513268734
0.01178074892,0,0.2305176118,1.686867306e-18,0.5640984783,2.608892489e-18,0.8257075189,0.02035412099,0.004659258002,-0.001703095619,0.602871381,-0.04556529577,-0.004924981162,0.003789716191,0.00596990457,-0.00363035423,0.6048712775,-0.009789857893,-0.006990141224,0.001158483242,0.004167214281,-0.08838289846,-0.1358913062,0.1384532067,-0.1179566442,0.3996030236,1.208228384,0.0537758812,1.555081516,-0.1485910779,-0.06667795321,-0.00703193108,0.3562382935,-1.637911545,0.1387632765,-1.513786092
0.0112645184,0,0.2313568942,1.719182703e-18,0.5743238789,2.587711762e-18,0.8186281708,-0.008699338418,0.004664486728,-0.001688668131,0.6049737355,-0.04117301645,-0.004926776706,-0.02520927111,0.005979015794,-0.003609072044,0.607096205,-0.005464103951,-0.006988524206,0.001263750837,0.004135913461,-0.1132867215,-0.1358557998,0.1384507447,-0.1179600141,0.3995556937,1.208237365,0.05377423688,1.555118529,-0.148549524,-0.06667444992,-0.007027557199,0.3561741135,-1.63791273,0.1387654138,-1.513811705
0.01074828787,0,0.2321961767,1.751232183e-18,0.5844604454,2.566130778e-18,0.8114222007,-0.04634674569,0.004662969134,-0.001695818846,0.6174642359,-0.04251628528,-0.004928151296,-0.06274708012,0.005976792698,-0.003620458636,0.6195665397,-0.006795929571,-0.006993091722,0.00136794628,0.004101098913,-0.1394377847,-0.1355750406,0.1384335506,-0.1180081649,0.3994953274,1.20826793,0.05373247483,1.555280749,-0.1482642236,-0.0666335696,-0.00698733489,0.3561240028,-1.637928764,0.1387681774,-1.513995301
0.01023205734,0,0.2330354591,1.78301079e-18,0.5945066099,2.544152875e-18,0.804090723,-0.07506624125,0.004668394568,-0.001678904545,0.6187356966,-0.03763582764,-0.004928240737,-0.09140929596,0.005986895866,-0.003596254578,0.620958896,-0.001983333212,-0.006989469698,0.001471236828,0.004064374629,-0.1642389624,-0.1354652202,0.138450215,-0.1180050931,0.399011883,1.208292905,0.05383972555,1.554979051,-0.1481731138,-0.06665903576,-0.006958507725,0.3556688647,-1.637944551,0.1387508791,-1.513681626
0.009715826809,0,0.2338747416,1.814513608e-18,0.6044608185,2.521781453e-18,0.7966348717,-0.1118755251,0.004667776073,-0.001680773853,0.6290778329,-0.03773255442,-0.004927523983,-0.1281123802,0.005987062359,-0.003601099384,0.6312963078,-0.002080688205,-0.006991294101,0.001572966602,0.004023472403,-0.1904829034,-0.1350249804,0.1384492217,-0.1180589413,0.3984100549,1.208352488,0.05392063863,1.554779865,-0.147755437,-0.0666407971,-0.006878285552,0.3551352305,-1.637982515,0.1387329325,-1.513510428
0.00919959628,0,0.234714024,1.845735764e-18,0.6143215315,2.499019971e-18,0.7890558002,-0.1485857938,0.004667570928,-0.001682358477,0.6392106684,-0.03770440582,-0.004926498707,-0.1647221368,0.005987722366,-0.003605769324,0.6414419803,-0.00206465831,-0.006992653028,0.001673050778,0.003979008605,-0.2168523846,-0.1343732235,0.1384509994,-0.1181348221,0.3974312215,1.208444433,0.05406222963,1.554429017,-0.1471392649,-0.06661939293,-0.00675721688,0.3542638558,-1.638040409,0.1387054655,-1.513200708
0.008683365751,0,0.2355533065,1.87667243e-18,0.6240872238,2.475871951e-18,0.7813546807,-0.1762086849,0.004673762216,-0.00165772043,0.6376993832,-0.03124811642,-0.004923063637,-0.1922860846,0.006000720608,-0.003571837439,0.6400580555,0.004315310459,-0.006984528327,0.001774033488,0.003935745652,-0.2415217339,-0.1343028179,0.1385002968,-0.118101468,0.396439983,1.208472435,0.05432670107,1.55360394,-0.1471152544,-0.06670285356,-0.006714425144,0.3533395988,-1.638068973,0.1386590953,-1.512345084
0.008167135222,0,0.2363925889,1.907318819e-18,0.6337563847,2.452340974e-18,0.7735327044,-0.2121534229,0.004674399004,-0.001654268155,0.6458990121,-0.03013836785,-0.004920036943,-0.2281344539,0.006003564417,-0.003570166425,0.648290579,0.005405599868,-0.006983200667,0.00187186781,0.003885879873,-0.2682166489,-0.1334969187,0.1385181855,-0.1181819197,0.3949201743,1.208592818,0.05459324426,1.552877877,-0.1463681209,-0.066706469,-0.006553179291,0.3519772141,-1.638149396,0.1386091464,-1.511662144
0.007650904693,0,0.2372318714,1.937670192e-18,0.6433275188,2.428430678e-18,0.7655910812,-0.2393133324,0.004680920835,-0.001626033831,0.6433203206,-0.02305741206,-0.00491471452,-0.2552360428,0.00601782403,-0.00353180258,0.6458393709,0.01240192579,-0.006972657928,0.001970861689,0.003838220832,-0.2925584795,-0.1334729153,0.1385872352,-0.1181277834,0.3936757463,1.20861903,0.05493951419,1.551773632,-0.1464085386,-0.06682324108,-0.006508237471,0.3508250843,-1.638182138,0.1385478653,-1.510519721
0.007134674164,0,0.2380711538,1.967721853e-18,0.6527991455,2.404144762e-18,0.7575310394,-0.2744461533,0.004682779057,-0.001617342029,0.6493442892,-0.02062427883,-0.004910145496,-0.2902803553,0.006023088459,-0.003523292369,0.6519214929,0.01479125966,-0.00696872752,0.002067009022,0.003783283248,-0.3195820377,-0.1325657525,0.1386230635,-0.1182050634,0.3916703031,1.208760471,0.05532695622,1.550669996,-0.1455822482,-0.06685747848,-0.006316021135,0.3490204035,-1.638281003,0.1384747418,-1.509457018
0.006618443635,0,0.2389104363,1.997469156e-18,0.6621697999,2.379486983e-18,0.7493538257,-0.3103080915,0.004685659231,-0.001608565611,0.6550062424,-0.0178708508,-0.004906268676,-0.325980318,0.006029190592,-0.00351431448,0.6576477058,0.01749406227,-0.006964889416,0.002164392065,0.003725020227,-0.3478688676,-0.131295864,0.1386569011,-0.1183255548,0.3891847639,1.208950303,0.0557755501,1.549408043,-0.1443995584,-0.06688023795,-0.006057949969,0.3467699973,-1.63841117,0.1383834085,-1.508249877
0.006102213106,0,0.2397497187,2.026907497e-18,0.6714380325,2.354461154e-18,0.7410607051,-0.335439446,0.004692650238,-0.00156977906,0.6494407249,-0.009407540124,-0.004895937187,-0.3511426667,0.006046673424,-0.003462634884,0.6522772431,0.02583917975,-0.006948094955,0.00225920278,0.003671061282,-0.3709583946,-0.1317121318,0.1387676968,-0.1181877724,0.3878515757,1.208929016,0.05624510604,1.547836643,-0.1449142733,-0.0670804627,-0.006070234683,0.34555576,-1.6384236,0.1383050713,-1.506613725
0.005585982577,0,0.2405890012,2.056032325e-18,0.6806024097,2.329071146e-18,0.7326529601,-0.3697528788,0.004696838,-0.001550654096,0.6528350072,-0.004950378559,-0.004889221654,-0.3853750551,0.006056602405,-0.003439982988,0.6557348169,0.03024997464,-0.006939944732,0.002359209644,0.003606238691,-0.3992612152,-0.1306109435,0.1388348048,-0.1182617467,0.3850357811,1.209105495,0.05682824956,1.546100985,-0.1439280327,-0.06716854334,-0.005824318134,0.3430058173,-1.638553481,0.1381874802,-1.504912456
0.005069752048,0,0.2414282836,2.084839135e-18,0.6896615141,2.303320888e-18,0.7241318913,-0.394968753,0.004704490549,-0.001508998308,0.6456938668,0.004304280225,-0.00487714153,-0.4105473634,0.006075223668,-0.003384556609,0.6487777864,0.03939047968,-0.006920401458,0.002449386774,0.003548449497,-0.422358649,-0.13109639,0.1389542691,-0.1181106179,0.3836663242,1.209076777,0.0573256269,1.544423332,-0.144523152,-0.06738329796,-0.005844871271,0.3417747444,-1.638563522,0.1381058471,-1.503173748
0.00455352152,0,0.2422675661,2.113323469e-18,0.6986139445,2.27721436e-18,0.7154988166,-0.4208410943,0.004711759066,-0.00146928117,0.6395735881,0.01295119574,-0.004865118213,-0.436382687,0.006093018703,-0.003332065212,0.6428458203,0.04792043747,-0.006901420647,0.002538358548,0.003488590103,-0.445742487,-0.1313134187,0.139070187,-0.1179934102,0.3820004489,1.209083477,0.05784492496,1.542710425,-0.1448498841,-0.06758090672,-0.005819871918,0.3402667527,-1.638594302,0.1380174572,-1.501412822
0.004037290991,0,0.2431068485,2.229184332e-18,0.707458316,2.229184332e-18,0.7067550715,-0.4529769521,0.004718574069,-0.00143355464,0.6365158315,0.02075077449,-0.004852977401,-0.4684610896,0.006109276437,-0.003286835952,0.6399734148,0.05560078548,-0.006884092635,0.002636151579,0.003416887651,-0.4737991768,-0.130855962,0.1391798697,-0.117961235,0.3793955221,1.209182728,0.05851343556,1.540587684,-0.144530453,-0.06776047745,-0.005667270202,0.3379231069,-1.638687344,0.1378899894,-1.499285622
0.003521060462,0,0.243946131,1.120016183e-18,0.7161932607,1.120016183e-18,0.6979020084,-0.4776702691,0.004724865545,-0.001393140725,0.6301829832,0.02904195848,-0.00483935279,-0.4931206253,0.006126492735,-0.003233956216,0.6338250856,0.06377610009,-0.006863997349,0.002717329735,0.003357374073,-0.4968979714,-0.1310571538,0.1392982877,-0.1178450802,0.3776999075,1.209191241,0.0590356622,1.538858521,-0.1448379324,-0.06795827432,-0.005638540446,0.3363823528,-1.638720479,0.1378006921,-1.497507672
0.003004829933,0,0.2447854134,0,0.7248174276,0,0.6889409965,-0.5028680816,0.004730783788,-0.001355492617,0.6249806215,0.03670226756,-0.004826404052,-0.5182782136,0.006142728319,-0.003184836801,0.6287949116,0.07132629164,-0.006845106895,0.002797740751,0.003296485171,-0.52,-0.1310347394,0.1394179085,-0.117753499,0.3756969006,1.209230512,0.05959107101,1.537049637,-0.1449218291,-0.06814838165,-0.005570050228,0.334547639,-1.638772346,0.1377021838,-1.495655198
